-- phpMyAdmin SQL Dump
-- version 5.2.0
-- https://www.phpmyadmin.net/
--
-- Host: 127.0.0.1
-- Generation Time: Sep 11, 2024 at 02:12 PM
-- Server version: 10.4.25-MariaDB
-- PHP Version: 8.1.10

SET SQL_MODE = "NO_AUTO_VALUE_ON_ZERO";
START TRANSACTION;
SET time_zone = "+00:00";


/*!40101 SET @OLD_CHARACTER_SET_CLIENT=@@CHARACTER_SET_CLIENT */;
/*!40101 SET @OLD_CHARACTER_SET_RESULTS=@@CHARACTER_SET_RESULTS */;
/*!40101 SET @OLD_COLLATION_CONNECTION=@@COLLATION_CONNECTION */;
/*!40101 SET NAMES utf8mb4 */;

--
-- Database: `elearning`
--

-- --------------------------------------------------------

--
-- Table structure for table `admin_menu`
--

CREATE TABLE `admin_menu` (
  `id` int(10) UNSIGNED NOT NULL,
  `parent_id` int(11) NOT NULL DEFAULT 0,
  `order` int(11) NOT NULL DEFAULT 0,
  `title` varchar(50) COLLATE utf8mb4_unicode_ci NOT NULL,
  `icon` varchar(50) COLLATE utf8mb4_unicode_ci NOT NULL,
  `uri` varchar(255) COLLATE utf8mb4_unicode_ci DEFAULT NULL,
  `permission` varchar(255) COLLATE utf8mb4_unicode_ci DEFAULT NULL,
  `created_at` timestamp NULL DEFAULT NULL,
  `updated_at` timestamp NULL DEFAULT NULL
) ENGINE=InnoDB DEFAULT CHARSET=utf8mb4 COLLATE=utf8mb4_unicode_ci;

--
-- Dumping data for table `admin_menu`
--

INSERT INTO `admin_menu` (`id`, `parent_id`, `order`, `title`, `icon`, `uri`, `permission`, `created_at`, `updated_at`) VALUES
(1, 0, 1, 'Dashboard', 'icon-chart-bar', '/', NULL, NULL, NULL),
(2, 0, 2, 'Admin', 'icon-server', '', NULL, NULL, NULL),
(3, 2, 3, 'Users', 'icon-users', 'auth/users', NULL, NULL, NULL),
(4, 2, 4, 'Roles', 'icon-user', 'auth/roles', NULL, NULL, NULL),
(5, 2, 5, 'Permission', 'icon-ban', 'auth/permissions', NULL, NULL, NULL),
(6, 2, 6, 'Menu', 'icon-bars', 'auth/menu', NULL, NULL, NULL),
(7, 2, 7, 'Operation log', 'icon-history', 'auth/logs', NULL, NULL, NULL),
(8, 0, 14, 'Helpers', 'icon-cogs', '', NULL, '2024-09-06 05:35:13', '2024-09-10 05:06:20'),
(9, 8, 15, 'Scaffold', 'icon-keyboard', 'helpers/scaffold', NULL, '2024-09-06 05:35:13', '2024-09-10 05:06:20'),
(10, 8, 16, 'Database terminal', 'icon-database', 'helpers/terminal/database', NULL, '2024-09-06 05:35:13', '2024-09-10 05:06:20'),
(11, 8, 17, 'Laravel artisan', 'icon-terminal', 'helpers/terminal/artisan', NULL, '2024-09-06 05:35:13', '2024-09-10 05:06:20'),
(12, 8, 18, 'Routes', 'icon-list-alt', 'helpers/routes', NULL, '2024-09-06 05:35:13', '2024-09-10 05:06:20'),
(17, 0, 8, 'Users', 'icon-user-alt', 'users', NULL, '2024-09-09 04:01:23', '2024-09-10 05:06:20'),
(19, 0, 9, 'Department', 'icon-th-list', 'categories', NULL, '2024-09-09 05:33:05', '2024-09-10 08:10:35'),
(20, 0, 10, 'Courses', 'icon-book', 'courses', NULL, '2024-09-09 05:41:10', '2024-09-10 05:06:20'),
(22, 0, 11, 'Lessons', 'icon-paperclip', 'lessons', NULL, '2024-09-09 08:38:49', '2024-09-10 05:06:20'),
(23, 0, 12, 'Instructors', 'icon-chalkboard-teacher', 'instructors', NULL, '2024-09-09 09:06:12', '2024-09-10 05:06:20'),
(24, 0, 13, 'Lesson-types', 'icon-align-left', 'lesson-types', NULL, '2024-09-10 04:23:48', '2024-09-10 05:06:20');

-- --------------------------------------------------------

--
-- Table structure for table `admin_operation_log`
--

CREATE TABLE `admin_operation_log` (
  `id` int(10) UNSIGNED NOT NULL,
  `user_id` int(11) NOT NULL,
  `path` varchar(255) COLLATE utf8mb4_unicode_ci NOT NULL,
  `method` varchar(10) COLLATE utf8mb4_unicode_ci NOT NULL,
  `ip` varchar(255) COLLATE utf8mb4_unicode_ci NOT NULL,
  `input` text COLLATE utf8mb4_unicode_ci NOT NULL,
  `created_at` timestamp NULL DEFAULT NULL,
  `updated_at` timestamp NULL DEFAULT NULL
) ENGINE=InnoDB DEFAULT CHARSET=utf8mb4 COLLATE=utf8mb4_unicode_ci;

--
-- Dumping data for table `admin_operation_log`
--

INSERT INTO `admin_operation_log` (`id`, `user_id`, `path`, `method`, `ip`, `input`, `created_at`, `updated_at`) VALUES
(1, 1, 'admin', 'GET', '127.0.0.1', '[]', '2024-09-06 05:28:40', '2024-09-06 05:28:40'),
(2, 1, 'admin/auth/users', 'GET', '127.0.0.1', '[]', '2024-09-06 05:29:04', '2024-09-06 05:29:04'),
(3, 1, 'admin/auth/roles', 'GET', '127.0.0.1', '[]', '2024-09-06 05:29:10', '2024-09-06 05:29:10'),
(4, 1, 'admin/auth/users', 'GET', '127.0.0.1', '[]', '2024-09-06 05:29:29', '2024-09-06 05:29:29'),
(5, 1, 'admin/auth/roles', 'GET', '127.0.0.1', '[]', '2024-09-06 05:29:51', '2024-09-06 05:29:51'),
(6, 1, 'admin/auth/users', 'GET', '127.0.0.1', '[]', '2024-09-06 05:29:53', '2024-09-06 05:29:53'),
(7, 1, 'admin/auth/roles', 'GET', '127.0.0.1', '[]', '2024-09-06 05:29:55', '2024-09-06 05:29:55'),
(8, 1, 'admin/auth/permissions', 'GET', '127.0.0.1', '[]', '2024-09-06 05:29:57', '2024-09-06 05:29:57'),
(9, 1, 'admin/auth/menu', 'GET', '127.0.0.1', '[]', '2024-09-06 05:30:03', '2024-09-06 05:30:03'),
(10, 1, 'admin/auth/users', 'GET', '127.0.0.1', '[]', '2024-09-06 05:30:23', '2024-09-06 05:30:23'),
(11, 1, 'admin/auth/logout', 'GET', '127.0.0.1', '[]', '2024-09-06 05:30:27', '2024-09-06 05:30:27'),
(12, 1, 'admin', 'GET', '127.0.0.1', '[]', '2024-09-06 05:35:54', '2024-09-06 05:35:54'),
(13, 1, 'admin/helpers/terminal/database', 'GET', '127.0.0.1', '[]', '2024-09-06 05:36:03', '2024-09-06 05:36:03'),
(14, 1, 'admin/helpers/terminal/artisan', 'GET', '127.0.0.1', '[]', '2024-09-06 05:36:09', '2024-09-06 05:36:09'),
(15, 1, 'admin/helpers/routes', 'GET', '127.0.0.1', '[]', '2024-09-06 05:36:12', '2024-09-06 05:36:12'),
(16, 1, 'admin/helpers/scaffold', 'GET', '127.0.0.1', '[]', '2024-09-06 05:36:23', '2024-09-06 05:36:23'),
(17, 1, 'admin/helpers/scaffold', 'GET', '127.0.0.1', '[]', '2024-09-06 05:36:30', '2024-09-06 05:36:30'),
(18, 1, 'admin/helpers/scaffold', 'GET', '127.0.0.1', '[]', '2024-09-06 05:36:30', '2024-09-06 05:36:30'),
(19, 1, 'admin/helpers/terminal/artisan', 'GET', '127.0.0.1', '[]', '2024-09-06 05:36:32', '2024-09-06 05:36:32'),
(20, 1, 'admin/auth/logout', 'GET', '127.0.0.1', '[]', '2024-09-06 05:36:56', '2024-09-06 05:36:56'),
(21, 1, 'admin', 'GET', '127.0.0.1', '[]', '2024-09-06 05:37:46', '2024-09-06 05:37:46'),
(22, 1, 'admin/auth/users', 'GET', '127.0.0.1', '[]', '2024-09-06 05:37:54', '2024-09-06 05:37:54'),
(23, 1, 'admin/auth/users/create', 'GET', '127.0.0.1', '[]', '2024-09-06 05:38:00', '2024-09-06 05:38:00'),
(24, 1, 'admin/auth/users', 'GET', '127.0.0.1', '[]', '2024-09-06 05:38:09', '2024-09-06 05:38:09'),
(25, 1, 'admin/auth/roles', 'GET', '127.0.0.1', '[]', '2024-09-06 05:38:23', '2024-09-06 05:38:23'),
(26, 1, 'admin/auth/roles/1', 'GET', '127.0.0.1', '[]', '2024-09-06 05:39:08', '2024-09-06 05:39:08'),
(27, 1, 'admin/auth/roles', 'GET', '127.0.0.1', '[]', '2024-09-06 05:39:19', '2024-09-06 05:39:19'),
(28, 1, 'admin/auth/logout', 'GET', '127.0.0.1', '[]', '2024-09-06 05:39:23', '2024-09-06 05:39:23'),
(29, 1, 'admin', 'GET', '127.0.0.1', '[]', '2024-09-06 05:39:53', '2024-09-06 05:39:53'),
(30, 1, 'admin/auth/users', 'GET', '127.0.0.1', '[]', '2024-09-06 05:40:03', '2024-09-06 05:40:03'),
(31, 1, 'admin/helpers/scaffold', 'GET', '127.0.0.1', '[]', '2024-09-06 05:44:35', '2024-09-06 05:44:35'),
(32, 1, 'admin/helpers/scaffold', 'GET', '127.0.0.1', '[]', '2024-09-06 05:53:42', '2024-09-06 05:53:42'),
(33, 1, 'admin/helpers/scaffold', 'GET', '127.0.0.1', '[]', '2024-09-06 05:53:45', '2024-09-06 05:53:45'),
(34, 1, 'admin/helpers/scaffold', 'GET', '127.0.0.1', '[]', '2024-09-06 05:53:47', '2024-09-06 05:53:47'),
(35, 1, 'admin/helpers/scaffold', 'GET', '127.0.0.1', '[]', '2024-09-06 05:54:24', '2024-09-06 05:54:24'),
(36, 1, 'admin', 'GET', '127.0.0.1', '[]', '2024-09-06 05:54:30', '2024-09-06 05:54:30'),
(37, 1, 'admin/auth/users', 'GET', '127.0.0.1', '[]', '2024-09-06 06:05:30', '2024-09-06 06:05:30'),
(38, 1, 'admin/helpers/scaffold', 'GET', '127.0.0.1', '[]', '2024-09-06 06:07:02', '2024-09-06 06:07:02'),
(39, 1, 'admin/helpers/scaffold', 'POST', '127.0.0.1', '{\"table_name\":\"users\",\"model_name\":\"App\\\\Models\\\\User\",\"controller_name\":\"App\\\\Admin\\\\Controllers\\\\\",\"create\":[\"menu_item\"],\"fields\":[{\"name\":null,\"type\":\"string\",\"nullable\":\"on\",\"key\":null,\"default\":null,\"comment\":null}],\"timestamps\":\"on\",\"primary_key\":\"id\",\"_token\":\"vnJtdA1cnNVL3w5lF3Ky4dVkyfDK3AeywU0fndTB\"}', '2024-09-06 06:07:43', '2024-09-06 06:07:43'),
(40, 1, 'admin/helpers/scaffold', 'GET', '127.0.0.1', '[]', '2024-09-06 06:07:44', '2024-09-06 06:07:44'),
(41, 1, 'admin/helpers/scaffold', 'GET', '127.0.0.1', '[]', '2024-09-06 06:07:53', '2024-09-06 06:07:53'),
(42, 1, 'admin/helpers/scaffold', 'GET', '127.0.0.1', '[]', '2024-09-06 06:13:10', '2024-09-06 06:13:10'),
(43, 1, 'admin/helpers/routes', 'GET', '127.0.0.1', '[]', '2024-09-06 06:13:21', '2024-09-06 06:13:21'),
(44, 1, 'admin/helpers/scaffold', 'GET', '127.0.0.1', '[]', '2024-09-06 06:14:01', '2024-09-06 06:14:01'),
(45, 1, 'admin/helpers/terminal/database', 'GET', '127.0.0.1', '[]', '2024-09-06 06:14:05', '2024-09-06 06:14:05'),
(46, 1, 'admin/helpers/terminal/artisan', 'GET', '127.0.0.1', '[]', '2024-09-06 06:14:07', '2024-09-06 06:14:07'),
(47, 1, 'admin/helpers/routes', 'GET', '127.0.0.1', '[]', '2024-09-06 06:14:09', '2024-09-06 06:14:09'),
(48, 1, 'admin/helpers/scaffold', 'GET', '127.0.0.1', '[]', '2024-09-06 06:14:53', '2024-09-06 06:14:53'),
(49, 1, 'admin/helpers/scaffold', 'GET', '127.0.0.1', '[]', '2024-09-06 06:18:42', '2024-09-06 06:18:42'),
(50, 1, 'admin/helpers/scaffold', 'POST', '127.0.0.1', '{\"table_name\":\"users\",\"model_name\":\"App\\\\Models\\\\User\",\"controller_name\":\"App\\\\Admin\\\\Controllers\\\\\",\"create\":[\"menu_item\"],\"fields\":[{\"name\":null,\"type\":\"string\",\"nullable\":\"on\",\"key\":null,\"default\":null,\"comment\":null}],\"timestamps\":\"on\",\"primary_key\":\"id\",\"_token\":\"vnJtdA1cnNVL3w5lF3Ky4dVkyfDK3AeywU0fndTB\"}', '2024-09-06 06:19:49', '2024-09-06 06:19:49'),
(51, 1, 'admin/helpers/scaffold', 'GET', '127.0.0.1', '[]', '2024-09-06 06:19:49', '2024-09-06 06:19:49'),
(52, 1, 'admin/helpers/scaffold', 'GET', '127.0.0.1', '[]', '2024-09-06 06:20:06', '2024-09-06 06:20:06'),
(53, 1, 'admin/auth/menu', 'GET', '127.0.0.1', '[]', '2024-09-06 06:28:38', '2024-09-06 06:28:38'),
(54, 1, 'admin/auth/menu/14', 'DELETE', '127.0.0.1', '{\"_method\":\"delete\",\"_token\":\"vnJtdA1cnNVL3w5lF3Ky4dVkyfDK3AeywU0fndTB\"}', '2024-09-06 06:28:50', '2024-09-06 06:28:50'),
(55, 1, 'admin/auth/menu', 'GET', '127.0.0.1', '[]', '2024-09-06 06:28:50', '2024-09-06 06:28:50'),
(56, 1, 'admin/auth/menu/13', 'DELETE', '127.0.0.1', '{\"_method\":\"delete\",\"_token\":\"vnJtdA1cnNVL3w5lF3Ky4dVkyfDK3AeywU0fndTB\"}', '2024-09-06 06:28:55', '2024-09-06 06:28:55'),
(57, 1, 'admin/auth/menu', 'GET', '127.0.0.1', '[]', '2024-09-06 06:28:56', '2024-09-06 06:28:56'),
(58, 1, 'admin', 'GET', '127.0.0.1', '[]', '2024-09-06 06:29:05', '2024-09-06 06:29:05'),
(59, 1, 'admin', 'GET', '127.0.0.1', '[]', '2024-09-06 06:29:09', '2024-09-06 06:29:09'),
(60, 1, 'admin/auth/menu', 'GET', '127.0.0.1', '[]', '2024-09-06 06:29:27', '2024-09-06 06:29:27'),
(61, 1, 'admin/auth/menu', 'GET', '127.0.0.1', '[]', '2024-09-06 06:29:52', '2024-09-06 06:29:52'),
(62, 1, 'admin', 'GET', '127.0.0.1', '[]', '2024-09-06 06:29:56', '2024-09-06 06:29:56'),
(63, 1, 'admin', 'GET', '127.0.0.1', '[]', '2024-09-06 06:30:41', '2024-09-06 06:30:41'),
(64, 1, 'admin/auth/users', 'GET', '127.0.0.1', '[]', '2024-09-06 06:30:52', '2024-09-06 06:30:52'),
(65, 1, 'admin/auth/users/create', 'GET', '127.0.0.1', '[]', '2024-09-06 06:31:05', '2024-09-06 06:31:05'),
(66, 1, 'admin/auth/roles', 'GET', '127.0.0.1', '[]', '2024-09-06 06:31:54', '2024-09-06 06:31:54'),
(67, 1, 'admin/auth/roles/create', 'GET', '127.0.0.1', '[]', '2024-09-06 06:31:59', '2024-09-06 06:31:59'),
(68, 1, 'admin/auth/roles', 'POST', '127.0.0.1', '{\"slug\":\"instructor\",\"name\":\"instructor\",\"permissions\":[\"2\",\"3\",\"4\",null],\"_token\":\"vnJtdA1cnNVL3w5lF3Ky4dVkyfDK3AeywU0fndTB\"}', '2024-09-06 06:32:44', '2024-09-06 06:32:44'),
(69, 1, 'admin/auth/roles', 'GET', '127.0.0.1', '[]', '2024-09-06 06:32:45', '2024-09-06 06:32:45'),
(70, 1, 'admin/auth/users', 'GET', '127.0.0.1', '[]', '2024-09-06 06:32:50', '2024-09-06 06:32:50'),
(71, 1, 'admin/auth/users/create', 'GET', '127.0.0.1', '[]', '2024-09-06 06:32:52', '2024-09-06 06:32:52'),
(72, 1, 'admin/auth/users', 'POST', '127.0.0.1', '{\"username\":\"instructor\",\"name\":\"instructor\",\"password\":\"*****-filtered-out-*****\",\"password_confirmation\":\"instructor\",\"roles\":[\"2\",null],\"search_terms\":null,\"permissions\":[null],\"_token\":\"vnJtdA1cnNVL3w5lF3Ky4dVkyfDK3AeywU0fndTB\"}', '2024-09-06 06:33:18', '2024-09-06 06:33:18'),
(73, 1, 'admin/auth/users', 'GET', '127.0.0.1', '[]', '2024-09-06 06:33:19', '2024-09-06 06:33:19'),
(74, 1, 'admin/auth/logout', 'GET', '127.0.0.1', '[]', '2024-09-06 06:33:30', '2024-09-06 06:33:30'),
(75, 2, 'admin', 'GET', '127.0.0.1', '[]', '2024-09-06 06:33:41', '2024-09-06 06:33:41'),
(76, 2, 'admin/auth/logout', 'GET', '127.0.0.1', '[]', '2024-09-06 06:34:02', '2024-09-06 06:34:02'),
(77, 1, 'admin', 'GET', '127.0.0.1', '[]', '2024-09-06 06:34:13', '2024-09-06 06:34:13'),
(78, 1, 'admin/auth/roles', 'GET', '127.0.0.1', '[]', '2024-09-06 06:34:22', '2024-09-06 06:34:22'),
(79, 1, 'admin/auth/roles/create', 'GET', '127.0.0.1', '[]', '2024-09-06 06:34:25', '2024-09-06 06:34:25'),
(80, 1, 'admin/auth/permissions', 'GET', '127.0.0.1', '[]', '2024-09-06 06:34:27', '2024-09-06 06:34:27'),
(81, 1, 'admin/auth/permissions/create', 'GET', '127.0.0.1', '[]', '2024-09-06 06:34:30', '2024-09-06 06:34:30'),
(82, 1, 'admin/auth/permissions', 'GET', '127.0.0.1', '[]', '2024-09-06 06:34:36', '2024-09-06 06:34:36'),
(83, 1, 'admin/auth/roles', 'GET', '127.0.0.1', '[]', '2024-09-06 06:34:47', '2024-09-06 06:34:47'),
(84, 1, 'admin/auth/roles/create', 'GET', '127.0.0.1', '[]', '2024-09-06 06:34:51', '2024-09-06 06:34:51'),
(85, 1, 'admin/auth/roles', 'POST', '127.0.0.1', '{\"slug\":\"user\",\"name\":\"user\",\"permissions\":[\"2\",\"3\",\"4\",null],\"_token\":\"dg8gIQ1B5kILvir3ZKgnucYCaILv9quNM7T0D7DF\"}', '2024-09-06 06:35:09', '2024-09-06 06:35:09'),
(86, 1, 'admin/auth/roles', 'GET', '127.0.0.1', '[]', '2024-09-06 06:35:09', '2024-09-06 06:35:09'),
(87, 1, 'admin/auth/users', 'GET', '127.0.0.1', '[]', '2024-09-06 06:35:13', '2024-09-06 06:35:13'),
(88, 1, 'admin/auth/users/create', 'GET', '127.0.0.1', '[]', '2024-09-06 06:35:15', '2024-09-06 06:35:15'),
(89, 1, 'admin/auth/users', 'POST', '127.0.0.1', '{\"username\":\"user\",\"name\":\"user\",\"password\":\"*****-filtered-out-*****\",\"password_confirmation\":\"user\",\"roles\":[\"3\",null],\"search_terms\":null,\"permissions\":[null],\"_token\":\"dg8gIQ1B5kILvir3ZKgnucYCaILv9quNM7T0D7DF\"}', '2024-09-06 06:35:30', '2024-09-06 06:35:30'),
(90, 1, 'admin/auth/users', 'GET', '127.0.0.1', '[]', '2024-09-06 06:35:31', '2024-09-06 06:35:31'),
(91, 1, 'admin/auth/logout', 'GET', '127.0.0.1', '[]', '2024-09-06 06:35:39', '2024-09-06 06:35:39'),
(92, 3, 'admin', 'GET', '127.0.0.1', '[]', '2024-09-06 06:35:52', '2024-09-06 06:35:52'),
(93, 3, 'admin/auth/logout', 'GET', '127.0.0.1', '[]', '2024-09-06 06:41:35', '2024-09-06 06:41:35'),
(94, 1, 'admin', 'GET', '127.0.0.1', '[]', '2024-09-06 06:44:29', '2024-09-06 06:44:29'),
(95, 1, 'admin/helpers/scaffold', 'GET', '127.0.0.1', '[]', '2024-09-06 06:44:32', '2024-09-06 06:44:32'),
(96, 1, 'admin', 'GET', '127.0.0.1', '[]', '2024-09-09 03:47:13', '2024-09-09 03:47:13'),
(97, 1, 'admin/auth/logout', 'GET', '127.0.0.1', '[]', '2024-09-09 03:48:12', '2024-09-09 03:48:12'),
(98, 1, 'admin', 'GET', '127.0.0.1', '[]', '2024-09-09 03:58:08', '2024-09-09 03:58:08'),
(99, 1, 'admin/auth/users', 'GET', '127.0.0.1', '[]', '2024-09-09 03:58:30', '2024-09-09 03:58:30'),
(100, 1, 'admin/helpers/scaffold', 'GET', '127.0.0.1', '[]', '2024-09-09 03:58:39', '2024-09-09 03:58:39'),
(101, 1, 'admin/helpers/scaffold', 'POST', '127.0.0.1', '{\"table_name\":\"users\",\"model_name\":\"App\\\\Models\\\\User\",\"controller_name\":\"App\\\\Admin\\\\Controllers\\\\UserController\",\"create\":[\"controller\",\"menu_item\"],\"fields\":[{\"name\":null,\"type\":\"string\",\"nullable\":\"on\",\"key\":null,\"default\":null,\"comment\":null}],\"timestamps\":\"on\",\"primary_key\":\"id\",\"_token\":\"JKVtMlRejJRonSSWvm2g370dHWUOh7hbgPYdMg8P\"}', '2024-09-09 03:59:13', '2024-09-09 03:59:13'),
(102, 1, 'admin/helpers/scaffold', 'POST', '127.0.0.1', '{\"table_name\":\"users\",\"model_name\":\"App\\\\Models\\\\User\",\"controller_name\":\"App\\\\Admin\\\\Controllers\\\\UserController\",\"create\":[\"controller\",\"menu_item\"],\"fields\":[{\"name\":null,\"type\":\"string\",\"nullable\":\"on\",\"key\":null,\"default\":null,\"comment\":null}],\"timestamps\":\"on\",\"primary_key\":\"id\",\"_token\":\"JKVtMlRejJRonSSWvm2g370dHWUOh7hbgPYdMg8P\"}', '2024-09-09 03:59:13', '2024-09-09 03:59:13'),
(103, 1, 'admin/helpers/scaffold', 'GET', '127.0.0.1', '[]', '2024-09-09 03:59:14', '2024-09-09 03:59:14'),
(104, 1, 'admin/helpers/scaffold', 'GET', '127.0.0.1', '[]', '2024-09-09 03:59:14', '2024-09-09 03:59:14'),
(105, 1, 'admin/helpers/scaffold', 'GET', '127.0.0.1', '[]', '2024-09-09 03:59:21', '2024-09-09 03:59:21'),
(106, 1, 'admin/helpers/scaffold', 'GET', '127.0.0.1', '[]', '2024-09-09 03:59:54', '2024-09-09 03:59:54'),
(107, 1, 'admin', 'GET', '127.0.0.1', '[]', '2024-09-09 04:00:03', '2024-09-09 04:00:03'),
(108, 1, 'admin/auth/menu', 'GET', '127.0.0.1', '[]', '2024-09-09 04:00:17', '2024-09-09 04:00:17'),
(109, 1, 'admin/auth/menu/15/edit', 'GET', '127.0.0.1', '[]', '2024-09-09 04:00:21', '2024-09-09 04:00:21'),
(110, 1, 'admin/auth/menu', 'GET', '127.0.0.1', '[]', '2024-09-09 04:00:30', '2024-09-09 04:00:30'),
(111, 1, 'admin/auth/menu/16', 'DELETE', '127.0.0.1', '{\"_method\":\"delete\",\"_token\":\"JKVtMlRejJRonSSWvm2g370dHWUOh7hbgPYdMg8P\"}', '2024-09-09 04:00:36', '2024-09-09 04:00:36'),
(112, 1, 'admin/auth/menu', 'GET', '127.0.0.1', '[]', '2024-09-09 04:00:37', '2024-09-09 04:00:37'),
(113, 1, 'admin/auth/menu/15', 'DELETE', '127.0.0.1', '{\"_method\":\"delete\",\"_token\":\"JKVtMlRejJRonSSWvm2g370dHWUOh7hbgPYdMg8P\"}', '2024-09-09 04:00:45', '2024-09-09 04:00:45'),
(114, 1, 'admin/auth/menu', 'GET', '127.0.0.1', '[]', '2024-09-09 04:00:46', '2024-09-09 04:00:46'),
(115, 1, 'admin', 'GET', '127.0.0.1', '[]', '2024-09-09 04:00:51', '2024-09-09 04:00:51'),
(116, 1, 'admin', 'GET', '127.0.0.1', '[]', '2024-09-09 04:00:54', '2024-09-09 04:00:54'),
(117, 1, 'admin/helpers/scaffold', 'GET', '127.0.0.1', '[]', '2024-09-09 04:00:57', '2024-09-09 04:00:57'),
(118, 1, 'admin/helpers/scaffold', 'POST', '127.0.0.1', '{\"table_name\":\"users\",\"model_name\":\"App\\\\Models\\\\User\",\"controller_name\":\"App\\\\Admin\\\\Controllers\\\\UserController\",\"create\":[\"controller\",\"menu_item\"],\"fields\":[{\"name\":null,\"type\":\"string\",\"nullable\":\"on\",\"key\":null,\"default\":null,\"comment\":null}],\"timestamps\":\"on\",\"primary_key\":\"id\",\"_token\":\"JKVtMlRejJRonSSWvm2g370dHWUOh7hbgPYdMg8P\"}', '2024-09-09 04:01:23', '2024-09-09 04:01:23'),
(119, 1, 'admin/helpers/scaffold', 'GET', '127.0.0.1', '[]', '2024-09-09 04:01:23', '2024-09-09 04:01:23'),
(120, 1, 'admin/helpers/scaffold', 'GET', '127.0.0.1', '[]', '2024-09-09 04:02:17', '2024-09-09 04:02:17'),
(121, 1, 'admin/users', 'GET', '127.0.0.1', '[]', '2024-09-09 04:02:21', '2024-09-09 04:02:21'),
(122, 1, 'admin/users/create', 'GET', '127.0.0.1', '[]', '2024-09-09 04:02:29', '2024-09-09 04:02:29'),
(123, 1, 'admin/users', 'GET', '127.0.0.1', '[]', '2024-09-09 04:02:34', '2024-09-09 04:02:34'),
(124, 1, 'admin/users', 'GET', '127.0.0.1', '[]', '2024-09-09 04:08:34', '2024-09-09 04:08:34'),
(125, 1, 'admin/users', 'GET', '127.0.0.1', '[]', '2024-09-09 04:08:36', '2024-09-09 04:08:36'),
(126, 1, 'admin/users/create', 'GET', '127.0.0.1', '[]', '2024-09-09 04:08:37', '2024-09-09 04:08:37'),
(127, 1, 'admin/users/create', 'GET', '127.0.0.1', '[]', '2024-09-09 04:09:07', '2024-09-09 04:09:07'),
(128, 1, 'admin/users/create', 'GET', '127.0.0.1', '[]', '2024-09-09 04:10:28', '2024-09-09 04:10:28'),
(129, 1, 'admin/users', 'POST', '127.0.0.1', '{\"name\":\"fabio\",\"email\":\"fabiomunez5@gmail.com\",\"role_id\":\"2\",\"email_verified_at\":\"2024-09-09 07:10:28\",\"password\":\"*****-filtered-out-*****\",\"remember_token\":\"fabio\",\"_token\":\"JKVtMlRejJRonSSWvm2g370dHWUOh7hbgPYdMg8P\"}', '2024-09-09 04:11:39', '2024-09-09 04:11:39'),
(130, 1, 'admin/users/create', 'GET', '127.0.0.1', '[]', '2024-09-09 04:11:40', '2024-09-09 04:11:40'),
(131, 1, 'admin/users/create', 'GET', '127.0.0.1', '[]', '2024-09-09 04:22:15', '2024-09-09 04:22:15'),
(132, 1, 'admin/users/create', 'GET', '127.0.0.1', '[]', '2024-09-09 04:22:17', '2024-09-09 04:22:17'),
(133, 1, 'admin/users/create', 'GET', '127.0.0.1', '[]', '2024-09-09 04:22:21', '2024-09-09 04:22:21'),
(134, 1, 'admin/users', 'GET', '127.0.0.1', '[]', '2024-09-09 04:22:42', '2024-09-09 04:22:42'),
(135, 1, 'admin/users/create', 'GET', '127.0.0.1', '[]', '2024-09-09 04:22:45', '2024-09-09 04:22:45'),
(136, 1, 'admin/users/create', 'GET', '127.0.0.1', '[]', '2024-09-09 04:23:21', '2024-09-09 04:23:21'),
(137, 1, 'admin/users/create', 'GET', '127.0.0.1', '[]', '2024-09-09 04:23:23', '2024-09-09 04:23:23'),
(138, 1, 'admin/users/create', 'GET', '127.0.0.1', '[]', '2024-09-09 04:24:44', '2024-09-09 04:24:44'),
(139, 1, 'admin/auth/logout', 'GET', '127.0.0.1', '[]', '2024-09-09 04:24:48', '2024-09-09 04:24:48'),
(140, 1, 'admin', 'GET', '127.0.0.1', '[]', '2024-09-09 04:25:01', '2024-09-09 04:25:01'),
(141, 1, 'admin/users', 'GET', '127.0.0.1', '[]', '2024-09-09 04:25:04', '2024-09-09 04:25:04'),
(142, 1, 'admin/users/create', 'GET', '127.0.0.1', '[]', '2024-09-09 04:25:06', '2024-09-09 04:25:06'),
(143, 1, 'admin/users', 'POST', '127.0.0.1', '{\"name\":\"fabio\",\"email\":\"fabiomunez5@gmail.com\",\"role_id\":\"3\",\"email_verified_at\":\"2024-09-09 07:25:06\",\"password\":\"*****-filtered-out-*****\",\"remember_token\":\"fabio\",\"_token\":\"NaNbnWK3HunJiNLCvDQOetRog7HFX8AJNDHrQUMz\"}', '2024-09-09 04:25:49', '2024-09-09 04:25:49'),
(144, 1, 'admin/users/create', 'GET', '127.0.0.1', '[]', '2024-09-09 04:25:50', '2024-09-09 04:25:50'),
(145, 1, 'admin/users', 'POST', '127.0.0.1', '{\"name\":\"fabio\",\"email\":\"fabiomunez5@gmail.com\",\"role_id\":\"3\",\"email_verified_at\":\"2024-09-09 07:25:06\",\"password\":\"*****-filtered-out-*****\",\"remember_token\":\"fabio\",\"_token\":\"NaNbnWK3HunJiNLCvDQOetRog7HFX8AJNDHrQUMz\"}', '2024-09-09 04:28:17', '2024-09-09 04:28:17'),
(146, 1, 'admin/users', 'GET', '127.0.0.1', '[]', '2024-09-09 04:28:17', '2024-09-09 04:28:17'),
(147, 1, 'admin/users/3/edit', 'GET', '127.0.0.1', '[]', '2024-09-09 04:28:28', '2024-09-09 04:28:28'),
(148, 1, 'admin/users/3', 'PUT', '127.0.0.1', '{\"name\":\"fabio\",\"email\":\"fabiomunez5@gmail.com\",\"role_id\":\"3\",\"email_verified_at\":\"2024-09-09 10:25:06\",\"password\":null,\"remember_token\":null,\"_token\":\"NaNbnWK3HunJiNLCvDQOetRog7HFX8AJNDHrQUMz\",\"_method\":\"PUT\"}', '2024-09-09 04:28:38', '2024-09-09 04:28:38'),
(149, 1, 'admin/users/3/edit', 'GET', '127.0.0.1', '[]', '2024-09-09 04:28:38', '2024-09-09 04:28:38'),
(150, 1, 'admin/users/3', 'PUT', '127.0.0.1', '{\"name\":\"fabio\",\"email\":\"fabiomunez5@gmail.com\",\"role_id\":\"3\",\"email_verified_at\":\"2024-09-09 10:25:06\",\"password\":\"*****-filtered-out-*****\",\"remember_token\":\"fabio\",\"_token\":\"NaNbnWK3HunJiNLCvDQOetRog7HFX8AJNDHrQUMz\",\"_method\":\"PUT\"}', '2024-09-09 04:29:03', '2024-09-09 04:29:03'),
(151, 1, 'admin/users', 'GET', '127.0.0.1', '[]', '2024-09-09 04:29:03', '2024-09-09 04:29:03'),
(152, 1, 'admin/users', 'GET', '127.0.0.1', '[]', '2024-09-09 04:29:11', '2024-09-09 04:29:11'),
(153, 1, 'admin/users/3', 'GET', '127.0.0.1', '[]', '2024-09-09 04:29:15', '2024-09-09 04:29:15'),
(154, 1, 'admin/users', 'GET', '127.0.0.1', '[]', '2024-09-09 04:29:23', '2024-09-09 04:29:23'),
(155, 1, 'admin/users/3', 'GET', '127.0.0.1', '[]', '2024-09-09 04:30:45', '2024-09-09 04:30:45'),
(156, 1, 'admin/users/3', 'GET', '127.0.0.1', '[]', '2024-09-09 04:32:22', '2024-09-09 04:32:22'),
(157, 1, 'admin/users', 'GET', '127.0.0.1', '[]', '2024-09-09 04:32:26', '2024-09-09 04:32:26'),
(158, 1, 'admin/users', 'GET', '127.0.0.1', '[]', '2024-09-09 04:32:29', '2024-09-09 04:32:29'),
(159, 1, 'admin/auth/logout', 'GET', '127.0.0.1', '[]', '2024-09-09 04:32:40', '2024-09-09 04:32:40'),
(160, 3, 'admin', 'GET', '127.0.0.1', '[]', '2024-09-09 04:34:24', '2024-09-09 04:34:24'),
(161, 3, 'admin/auth/setting', 'GET', '127.0.0.1', '[]', '2024-09-09 04:34:37', '2024-09-09 04:34:37'),
(162, 3, 'admin/auth/setting', 'PUT', '127.0.0.1', '{\"name\":\"user\",\"password\":\"*****-filtered-out-*****\",\"password_confirmation\":\"$2y$12$A5xCxifaDyVB4IU6v8uLf.CMCvS9ptP9CDHyEpHjx7k6SEpYv7OKm\",\"_token\":\"Usuwtcj9LYhPQ8FihQFnTjSB2iUob5jmZ6SbFWnn\",\"_method\":\"PUT\"}', '2024-09-09 04:35:19', '2024-09-09 04:35:19'),
(163, 3, 'admin/auth/setting', 'GET', '127.0.0.1', '[]', '2024-09-09 04:35:19', '2024-09-09 04:35:19'),
(164, 3, 'admin/users', 'GET', '127.0.0.1', '[]', '2024-09-09 04:35:25', '2024-09-09 04:35:25'),
(165, 3, 'admin/users', 'GET', '127.0.0.1', '[]', '2024-09-09 04:35:27', '2024-09-09 04:35:27'),
(166, 3, 'admin/auth/logout', 'GET', '127.0.0.1', '[]', '2024-09-09 04:35:32', '2024-09-09 04:35:32'),
(167, 1, 'admin', 'GET', '127.0.0.1', '[]', '2024-09-09 04:35:46', '2024-09-09 04:35:46'),
(168, 1, 'admin/users', 'GET', '127.0.0.1', '[]', '2024-09-09 04:36:05', '2024-09-09 04:36:05'),
(169, 1, 'admin/users/3', 'GET', '127.0.0.1', '[]', '2024-09-09 04:36:09', '2024-09-09 04:36:09'),
(170, 1, 'admin/users', 'GET', '127.0.0.1', '[]', '2024-09-09 04:38:12', '2024-09-09 04:38:12'),
(171, 1, 'admin/users/3/edit', 'GET', '127.0.0.1', '[]', '2024-09-09 04:38:14', '2024-09-09 04:38:14'),
(172, 1, 'admin/users/3/edit', 'GET', '127.0.0.1', '[]', '2024-09-09 04:38:20', '2024-09-09 04:38:20'),
(173, 1, 'admin/users/3/edit', 'GET', '127.0.0.1', '[]', '2024-09-09 04:38:39', '2024-09-09 04:38:39'),
(174, 1, 'admin/users/3/edit', 'GET', '127.0.0.1', '[]', '2024-09-09 04:38:57', '2024-09-09 04:38:57'),
(175, 1, 'admin/users', 'GET', '127.0.0.1', '[]', '2024-09-09 04:46:14', '2024-09-09 04:46:14'),
(176, 1, 'admin/users', 'GET', '127.0.0.1', '[]', '2024-09-09 04:46:17', '2024-09-09 04:46:17'),
(177, 1, 'admin/users/3', 'GET', '127.0.0.1', '[]', '2024-09-09 04:46:21', '2024-09-09 04:46:21'),
(178, 1, 'admin/users/3', 'GET', '127.0.0.1', '[]', '2024-09-09 04:46:35', '2024-09-09 04:46:35'),
(179, 1, 'admin/users', 'GET', '127.0.0.1', '[]', '2024-09-09 04:46:38', '2024-09-09 04:46:38'),
(180, 1, 'admin/users/create', 'GET', '127.0.0.1', '[]', '2024-09-09 04:46:46', '2024-09-09 04:46:46'),
(181, 1, 'admin/users', 'GET', '127.0.0.1', '[]', '2024-09-09 04:46:59', '2024-09-09 04:46:59'),
(182, 1, 'admin/users/3', 'GET', '127.0.0.1', '[]', '2024-09-09 04:47:02', '2024-09-09 04:47:02'),
(183, 1, 'admin/users/3', 'GET', '127.0.0.1', '[]', '2024-09-09 04:48:54', '2024-09-09 04:48:54'),
(184, 1, 'admin/users', 'GET', '127.0.0.1', '[]', '2024-09-09 04:48:57', '2024-09-09 04:48:57'),
(185, 1, 'admin/users/3', 'GET', '127.0.0.1', '[]', '2024-09-09 04:49:00', '2024-09-09 04:49:00'),
(186, 1, 'admin/users/3', 'GET', '127.0.0.1', '[]', '2024-09-09 04:50:18', '2024-09-09 04:50:18'),
(187, 1, 'admin/users/3', 'GET', '127.0.0.1', '[]', '2024-09-09 04:50:19', '2024-09-09 04:50:19'),
(188, 1, 'admin/users/3', 'GET', '127.0.0.1', '[]', '2024-09-09 04:50:19', '2024-09-09 04:50:19'),
(189, 1, 'admin/users/3', 'GET', '127.0.0.1', '[]', '2024-09-09 04:50:20', '2024-09-09 04:50:20'),
(190, 1, 'admin/users/3', 'GET', '127.0.0.1', '[]', '2024-09-09 04:50:20', '2024-09-09 04:50:20'),
(191, 1, 'admin/users/3', 'GET', '127.0.0.1', '[]', '2024-09-09 04:50:20', '2024-09-09 04:50:20'),
(192, 1, 'admin/users/3', 'GET', '127.0.0.1', '[]', '2024-09-09 04:50:20', '2024-09-09 04:50:20'),
(193, 1, 'admin/users', 'GET', '127.0.0.1', '[]', '2024-09-09 04:53:32', '2024-09-09 04:53:32'),
(194, 1, 'admin/users/3', 'GET', '127.0.0.1', '[]', '2024-09-09 04:53:47', '2024-09-09 04:53:47'),
(195, 1, 'admin/users', 'GET', '127.0.0.1', '[]', '2024-09-09 04:53:49', '2024-09-09 04:53:49'),
(196, 1, 'admin/users/3/edit', 'GET', '127.0.0.1', '[]', '2024-09-09 04:53:51', '2024-09-09 04:53:51'),
(197, 1, 'admin/users/3/edit', 'GET', '127.0.0.1', '[]', '2024-09-09 04:55:44', '2024-09-09 04:55:44'),
(198, 1, 'admin/users', 'GET', '127.0.0.1', '[]', '2024-09-09 04:55:47', '2024-09-09 04:55:47'),
(199, 1, 'admin/users', 'GET', '127.0.0.1', '[]', '2024-09-09 04:56:08', '2024-09-09 04:56:08'),
(200, 1, 'admin/users/3/edit', 'GET', '127.0.0.1', '[]', '2024-09-09 04:56:15', '2024-09-09 04:56:15'),
(201, 1, 'admin/users/3', 'PUT', '127.0.0.1', '{\"name\":\"fabio\",\"email\":\"fabiomunez5@gmail.com\",\"role_id\":\"3\",\"email_verified_at\":\"2024-09-09 13:25:06\",\"password\":\"*****-filtered-out-*****\",\"_token\":\"VUT1sLXBwe9jO3NWjki28fr3iBU3M1hgZ95GuL85\",\"_method\":\"PUT\"}', '2024-09-09 04:56:42', '2024-09-09 04:56:42'),
(202, 1, 'admin/users', 'GET', '127.0.0.1', '[]', '2024-09-09 04:56:42', '2024-09-09 04:56:42'),
(203, 1, 'admin/users/3', 'GET', '127.0.0.1', '[]', '2024-09-09 04:56:52', '2024-09-09 04:56:52'),
(204, 1, 'admin/users/3', 'GET', '127.0.0.1', '[]', '2024-09-09 04:59:54', '2024-09-09 04:59:54'),
(205, 1, 'admin/users', 'GET', '127.0.0.1', '[]', '2024-09-09 04:59:57', '2024-09-09 04:59:57'),
(206, 1, 'admin/users', 'GET', '127.0.0.1', '[]', '2024-09-09 04:59:58', '2024-09-09 04:59:58'),
(207, 1, 'admin/users', 'GET', '127.0.0.1', '[]', '2024-09-09 05:00:00', '2024-09-09 05:00:00'),
(208, 1, 'admin/users', 'GET', '127.0.0.1', '[]', '2024-09-09 05:00:00', '2024-09-09 05:00:00'),
(209, 1, 'admin/users', 'GET', '127.0.0.1', '[]', '2024-09-09 05:00:00', '2024-09-09 05:00:00'),
(210, 1, 'admin/users', 'GET', '127.0.0.1', '[]', '2024-09-09 05:00:00', '2024-09-09 05:00:00'),
(211, 1, 'admin/users', 'GET', '127.0.0.1', '[]', '2024-09-09 05:00:01', '2024-09-09 05:00:01'),
(212, 1, 'admin/users', 'GET', '127.0.0.1', '[]', '2024-09-09 05:00:01', '2024-09-09 05:00:01'),
(213, 1, 'admin/users', 'GET', '127.0.0.1', '[]', '2024-09-09 05:00:01', '2024-09-09 05:00:01'),
(214, 1, 'admin/users', 'GET', '127.0.0.1', '[]', '2024-09-09 05:00:02', '2024-09-09 05:00:02'),
(215, 1, 'admin/users', 'GET', '127.0.0.1', '[]', '2024-09-09 05:00:02', '2024-09-09 05:00:02'),
(216, 1, 'admin/users', 'GET', '127.0.0.1', '[]', '2024-09-09 05:00:02', '2024-09-09 05:00:02'),
(217, 1, 'admin/users/3/edit', 'GET', '127.0.0.1', '[]', '2024-09-09 05:00:21', '2024-09-09 05:00:21'),
(218, 1, 'admin/users/3', 'PUT', '127.0.0.1', '{\"name\":\"fabio\",\"email\":\"fabiomunez5@gmail.com\",\"role_id\":\"3\",\"email_verified_at\":\"2024-09-09 16:25:06\",\"password\":\"*****-filtered-out-*****\",\"_token\":\"VUT1sLXBwe9jO3NWjki28fr3iBU3M1hgZ95GuL85\",\"_method\":\"PUT\"}', '2024-09-09 05:00:37', '2024-09-09 05:00:37'),
(219, 1, 'admin/users', 'GET', '127.0.0.1', '[]', '2024-09-09 05:00:38', '2024-09-09 05:00:38'),
(220, 1, 'admin/users', 'GET', '127.0.0.1', '[]', '2024-09-09 05:00:45', '2024-09-09 05:00:45'),
(221, 1, 'admin/users/3', 'GET', '127.0.0.1', '[]', '2024-09-09 05:00:47', '2024-09-09 05:00:47'),
(222, 1, 'admin/users/3/edit', 'GET', '127.0.0.1', '[]', '2024-09-09 05:00:53', '2024-09-09 05:00:53'),
(223, 1, 'admin/users/3', 'GET', '127.0.0.1', '[]', '2024-09-09 05:00:58', '2024-09-09 05:00:58'),
(224, 1, 'admin/users', 'GET', '127.0.0.1', '[]', '2024-09-09 05:04:56', '2024-09-09 05:04:56'),
(225, 1, 'admin/users/3', 'GET', '127.0.0.1', '[]', '2024-09-09 05:06:55', '2024-09-09 05:06:55'),
(226, 1, 'admin/users/3/edit', 'GET', '127.0.0.1', '[]', '2024-09-09 05:07:10', '2024-09-09 05:07:10'),
(227, 1, 'admin/users/3', 'PUT', '127.0.0.1', '{\"name\":\"fabio\",\"email\":\"fabiomunez5@gmail.com\",\"role_id\":\"3\",\"email_verified_at\":\"2024-09-09 19:25:06\",\"password\":\"*****-filtered-out-*****\",\"_token\":\"VUT1sLXBwe9jO3NWjki28fr3iBU3M1hgZ95GuL85\",\"_method\":\"PUT\"}', '2024-09-09 05:07:29', '2024-09-09 05:07:29'),
(228, 1, 'admin/users', 'GET', '127.0.0.1', '[]', '2024-09-09 05:07:29', '2024-09-09 05:07:29'),
(229, 1, 'admin/users', 'GET', '127.0.0.1', '[]', '2024-09-09 05:12:37', '2024-09-09 05:12:37'),
(230, 1, 'admin/users/3/edit', 'GET', '127.0.0.1', '[]', '2024-09-09 05:12:41', '2024-09-09 05:12:41'),
(231, 1, 'admin/users/3', 'PUT', '127.0.0.1', '{\"name\":\"fabio\",\"email\":\"fabiomunez5@gmail.com\",\"role_id\":\"3\",\"email_verified_at\":\"2024-09-09 22:25:06\",\"password\":\"*****-filtered-out-*****\",\"_token\":\"VUT1sLXBwe9jO3NWjki28fr3iBU3M1hgZ95GuL85\",\"_method\":\"PUT\"}', '2024-09-09 05:12:55', '2024-09-09 05:12:55'),
(232, 1, 'admin/users', 'GET', '127.0.0.1', '[]', '2024-09-09 05:12:55', '2024-09-09 05:12:55'),
(233, 1, 'admin/users/3', 'GET', '127.0.0.1', '[]', '2024-09-09 05:13:08', '2024-09-09 05:13:08'),
(234, 1, 'admin/users/3/edit', 'GET', '127.0.0.1', '[]', '2024-09-09 05:14:18', '2024-09-09 05:14:18'),
(235, 1, 'admin/users/3/edit', 'GET', '127.0.0.1', '[]', '2024-09-09 05:14:22', '2024-09-09 05:14:22'),
(236, 1, 'admin/users/3', 'PUT', '127.0.0.1', '{\"name\":\"fabio\",\"email\":\"fabiomunez5@gmail.com\",\"role_id\":\"3\",\"email_verified_at\":\"2024-09-10 01:25:06\",\"password\":\"*****-filtered-out-*****\",\"_token\":\"VUT1sLXBwe9jO3NWjki28fr3iBU3M1hgZ95GuL85\",\"_method\":\"PUT\"}', '2024-09-09 05:14:37', '2024-09-09 05:14:37'),
(237, 1, 'admin/users', 'GET', '127.0.0.1', '[]', '2024-09-09 05:14:38', '2024-09-09 05:14:38'),
(238, 1, 'admin/users', 'GET', '127.0.0.1', '[]', '2024-09-09 05:14:44', '2024-09-09 05:14:44'),
(239, 1, 'admin/users/3/edit', 'GET', '127.0.0.1', '[]', '2024-09-09 05:14:51', '2024-09-09 05:14:51'),
(240, 1, 'admin/users/3', 'GET', '127.0.0.1', '[]', '2024-09-09 05:15:12', '2024-09-09 05:15:12'),
(241, 1, 'admin/users', 'GET', '127.0.0.1', '[]', '2024-09-09 05:15:25', '2024-09-09 05:15:25'),
(242, 1, 'admin/users/3/edit', 'GET', '127.0.0.1', '[]', '2024-09-09 05:15:30', '2024-09-09 05:15:30'),
(243, 1, 'admin/users', 'GET', '127.0.0.1', '[]', '2024-09-09 05:16:14', '2024-09-09 05:16:14'),
(244, 1, 'admin/users', 'GET', '127.0.0.1', '[]', '2024-09-09 05:16:16', '2024-09-09 05:16:16'),
(245, 1, 'admin/users/3', 'GET', '127.0.0.1', '[]', '2024-09-09 05:16:30', '2024-09-09 05:16:30'),
(246, 1, 'admin/users/3/edit', 'GET', '127.0.0.1', '[]', '2024-09-09 05:16:33', '2024-09-09 05:16:33'),
(247, 1, 'admin/users/3', 'PUT', '127.0.0.1', '{\"name\":\"fabio\",\"email\":\"fabiomunez5@gmail.com\",\"role_id\":\"3\",\"email_verified_at\":\"2024-09-10 04:25:06\",\"password\":\"*****-filtered-out-*****\",\"_token\":\"VUT1sLXBwe9jO3NWjki28fr3iBU3M1hgZ95GuL85\",\"_method\":\"PUT\"}', '2024-09-09 05:16:48', '2024-09-09 05:16:48'),
(248, 1, 'admin/users', 'GET', '127.0.0.1', '[]', '2024-09-09 05:16:49', '2024-09-09 05:16:49'),
(249, 1, 'admin/users/3', 'GET', '127.0.0.1', '[]', '2024-09-09 05:16:55', '2024-09-09 05:16:55'),
(250, 1, 'admin/users/3/edit', 'GET', '127.0.0.1', '[]', '2024-09-09 05:17:04', '2024-09-09 05:17:04'),
(251, 1, 'admin/users/3', 'GET', '127.0.0.1', '[]', '2024-09-09 05:18:06', '2024-09-09 05:18:06'),
(252, 1, 'admin/users', 'GET', '127.0.0.1', '[]', '2024-09-09 05:18:09', '2024-09-09 05:18:09'),
(253, 1, 'admin/users', 'GET', '127.0.0.1', '[]', '2024-09-09 05:18:11', '2024-09-09 05:18:11'),
(254, 1, 'admin/users/3/edit', 'GET', '127.0.0.1', '[]', '2024-09-09 05:18:13', '2024-09-09 05:18:13'),
(255, 1, 'admin/users/3', 'PUT', '127.0.0.1', '{\"name\":\"fabio\",\"email\":\"fabiomunez5@gmail.com\",\"role_id\":\"3\",\"email_verified_at\":\"2024-09-10 07:25:06\",\"password\":\"*****-filtered-out-*****\",\"_token\":\"VUT1sLXBwe9jO3NWjki28fr3iBU3M1hgZ95GuL85\",\"_method\":\"PUT\"}', '2024-09-09 05:18:26', '2024-09-09 05:18:26'),
(256, 1, 'admin/users', 'GET', '127.0.0.1', '[]', '2024-09-09 05:18:27', '2024-09-09 05:18:27'),
(257, 1, 'admin/users/3/edit', 'GET', '127.0.0.1', '[]', '2024-09-09 05:18:39', '2024-09-09 05:18:39'),
(258, 1, 'admin/users', 'GET', '127.0.0.1', '[]', '2024-09-09 05:18:43', '2024-09-09 05:18:43'),
(259, 1, 'admin/users/3', 'GET', '127.0.0.1', '[]', '2024-09-09 05:18:44', '2024-09-09 05:18:44'),
(260, 1, 'admin/users', 'GET', '127.0.0.1', '[]', '2024-09-09 05:19:41', '2024-09-09 05:19:41'),
(261, 1, 'admin/users', 'GET', '127.0.0.1', '[]', '2024-09-09 05:19:44', '2024-09-09 05:19:44'),
(262, 1, 'admin/users/3/edit', 'GET', '127.0.0.1', '[]', '2024-09-09 05:19:46', '2024-09-09 05:19:46'),
(263, 1, 'admin/users/3/edit', 'GET', '127.0.0.1', '[]', '2024-09-09 05:19:49', '2024-09-09 05:19:49'),
(264, 1, 'admin/users/3', 'PUT', '127.0.0.1', '{\"name\":\"fabio\",\"email\":\"fabiomunez5@gmail.com\",\"role_id\":\"3\",\"email_verified_at\":\"2024-09-10 10:25:06\",\"password\":\"*****-filtered-out-*****\",\"_token\":\"VUT1sLXBwe9jO3NWjki28fr3iBU3M1hgZ95GuL85\",\"_method\":\"PUT\"}', '2024-09-09 05:20:11', '2024-09-09 05:20:11'),
(265, 1, 'admin/users', 'GET', '127.0.0.1', '[]', '2024-09-09 05:20:12', '2024-09-09 05:20:12'),
(266, 1, 'admin/users/3', 'GET', '127.0.0.1', '[]', '2024-09-09 05:20:16', '2024-09-09 05:20:16'),
(267, 1, 'admin/users/3', 'GET', '127.0.0.1', '[]', '2024-09-09 05:21:02', '2024-09-09 05:21:02'),
(268, 1, 'admin/users', 'GET', '127.0.0.1', '[]', '2024-09-09 05:21:07', '2024-09-09 05:21:07'),
(269, 1, 'admin/users/3/edit', 'GET', '127.0.0.1', '[]', '2024-09-09 05:21:10', '2024-09-09 05:21:10'),
(270, 1, 'admin/users/3', 'PUT', '127.0.0.1', '{\"name\":\"fabio\",\"email\":\"fabiomunez5@gmail.com\",\"role_id\":\"3\",\"email_verified_at\":\"2024-09-10 13:25:06\",\"password\":\"*****-filtered-out-*****\",\"_token\":\"VUT1sLXBwe9jO3NWjki28fr3iBU3M1hgZ95GuL85\",\"_method\":\"PUT\"}', '2024-09-09 05:21:26', '2024-09-09 05:21:26'),
(271, 1, 'admin/users', 'GET', '127.0.0.1', '[]', '2024-09-09 05:21:26', '2024-09-09 05:21:26'),
(272, 1, 'admin/users/3', 'GET', '127.0.0.1', '[]', '2024-09-09 05:21:33', '2024-09-09 05:21:33'),
(273, 1, 'admin/users', 'GET', '127.0.0.1', '[]', '2024-09-09 05:23:56', '2024-09-09 05:23:56'),
(274, 1, 'admin/users/3/edit', 'GET', '127.0.0.1', '[]', '2024-09-09 05:23:59', '2024-09-09 05:23:59'),
(275, 1, 'admin/users/3', 'PUT', '127.0.0.1', '{\"name\":\"fabio\",\"email\":\"fabiomunez5@gmail.com\",\"role_id\":\"3\",\"email_verified_at\":\"2024-09-10 16:25:06\",\"password\":\"*****-filtered-out-*****\",\"_token\":\"VUT1sLXBwe9jO3NWjki28fr3iBU3M1hgZ95GuL85\",\"_method\":\"PUT\"}', '2024-09-09 05:24:13', '2024-09-09 05:24:13'),
(276, 1, 'admin/users', 'GET', '127.0.0.1', '[]', '2024-09-09 05:24:13', '2024-09-09 05:24:13'),
(277, 1, 'admin/helpers/scaffold', 'GET', '127.0.0.1', '[]', '2024-09-09 05:27:07', '2024-09-09 05:27:07'),
(278, 1, 'admin/helpers/scaffold', 'POST', '127.0.0.1', '{\"table_name\":\"instructor\",\"model_name\":\"App\\\\Models\\\\Instructor\",\"controller_name\":\"App\\\\Admin\\\\Controllers\\\\InstructorController\",\"create\":[\"controller\",\"menu_item\"],\"fields\":[{\"name\":null,\"type\":\"string\",\"nullable\":\"on\",\"key\":null,\"default\":null,\"comment\":null}],\"timestamps\":\"on\",\"primary_key\":\"id\",\"_token\":\"NaM1CalgtZ1uex9j6RtSbJmIWfCo3ZDHjCgV28je\"}', '2024-09-09 05:29:07', '2024-09-09 05:29:07'),
(279, 1, 'admin/helpers/scaffold', 'GET', '127.0.0.1', '[]', '2024-09-09 05:29:08', '2024-09-09 05:29:08'),
(280, 1, 'admin/helpers/scaffold', 'GET', '127.0.0.1', '[]', '2024-09-09 05:29:51', '2024-09-09 05:29:51'),
(281, 1, 'admin/instructors', 'GET', '127.0.0.1', '[]', '2024-09-09 05:29:56', '2024-09-09 05:29:56'),
(282, 1, 'admin/instructors/create', 'GET', '127.0.0.1', '[]', '2024-09-09 05:30:01', '2024-09-09 05:30:01'),
(283, 1, 'admin/instructors', 'POST', '127.0.0.1', '{\"user_id\":\"3\",\"categories_id\":\"1\",\"_token\":\"NaM1CalgtZ1uex9j6RtSbJmIWfCo3ZDHjCgV28je\"}', '2024-09-09 05:31:11', '2024-09-09 05:31:11'),
(284, 1, 'admin/instructors/create', 'GET', '127.0.0.1', '[]', '2024-09-09 05:31:11', '2024-09-09 05:31:11'),
(285, 1, 'admin/instructors/create', 'GET', '127.0.0.1', '[]', '2024-09-09 05:32:09', '2024-09-09 05:32:09'),
(286, 1, 'admin/helpers/scaffold', 'GET', '127.0.0.1', '[]', '2024-09-09 05:32:15', '2024-09-09 05:32:15'),
(287, 1, 'admin/helpers/scaffold', 'POST', '127.0.0.1', '{\"table_name\":\"categories\",\"model_name\":\"App\\\\Models\\\\Categories\",\"controller_name\":\"App\\\\Admin\\\\Controllers\\\\CategoriesController\",\"create\":[\"migration\",\"model\",\"controller\",\"migrate\",\"menu_item\"],\"fields\":[{\"name\":null,\"type\":\"string\",\"nullable\":\"on\",\"key\":null,\"default\":null,\"comment\":null}],\"timestamps\":\"on\",\"primary_key\":\"id\",\"_token\":\"NaM1CalgtZ1uex9j6RtSbJmIWfCo3ZDHjCgV28je\"}', '2024-09-09 05:32:52', '2024-09-09 05:32:52'),
(288, 1, 'admin/helpers/scaffold', 'GET', '127.0.0.1', '[]', '2024-09-09 05:32:52', '2024-09-09 05:32:52'),
(289, 1, 'admin/helpers/scaffold', 'POST', '127.0.0.1', '{\"table_name\":\"categories\",\"model_name\":\"App\\\\Models\\\\Categories\",\"controller_name\":\"App\\\\Admin\\\\Controllers\\\\CategoriesController\",\"create\":[\"controller\",\"menu_item\"],\"fields\":[{\"name\":null,\"type\":\"string\",\"nullable\":\"on\",\"key\":null,\"default\":null,\"comment\":null}],\"timestamps\":\"on\",\"primary_key\":\"id\",\"_token\":\"NaM1CalgtZ1uex9j6RtSbJmIWfCo3ZDHjCgV28je\"}', '2024-09-09 05:33:05', '2024-09-09 05:33:05'),
(290, 1, 'admin/helpers/scaffold', 'GET', '127.0.0.1', '[]', '2024-09-09 05:33:05', '2024-09-09 05:33:05'),
(291, 1, 'admin/helpers/scaffold', 'GET', '127.0.0.1', '[]', '2024-09-09 05:33:24', '2024-09-09 05:33:24'),
(292, 1, 'admin/categories', 'GET', '127.0.0.1', '[]', '2024-09-09 05:33:26', '2024-09-09 05:33:26'),
(293, 1, 'admin/categories/create', 'GET', '127.0.0.1', '[]', '2024-09-09 05:33:30', '2024-09-09 05:33:30'),
(294, 1, 'admin/categories', 'POST', '127.0.0.1', '{\"name\":\"ICT\",\"description\":\"Computer Science and Information Technology\",\"_token\":\"NaM1CalgtZ1uex9j6RtSbJmIWfCo3ZDHjCgV28je\"}', '2024-09-09 05:34:01', '2024-09-09 05:34:01'),
(295, 1, 'admin/categories', 'GET', '127.0.0.1', '[]', '2024-09-09 05:34:02', '2024-09-09 05:34:02'),
(296, 1, 'admin/instructors', 'GET', '127.0.0.1', '[]', '2024-09-09 05:34:06', '2024-09-09 05:34:06'),
(297, 1, 'admin/instructors/create', 'GET', '127.0.0.1', '[]', '2024-09-09 05:34:08', '2024-09-09 05:34:08'),
(298, 1, 'admin/instructors', 'POST', '127.0.0.1', '{\"user_id\":\"3\",\"categories_id\":\"1\",\"_token\":\"NaM1CalgtZ1uex9j6RtSbJmIWfCo3ZDHjCgV28je\"}', '2024-09-09 05:34:19', '2024-09-09 05:34:19'),
(299, 1, 'admin/instructors', 'GET', '127.0.0.1', '[]', '2024-09-09 05:34:19', '2024-09-09 05:34:19'),
(300, 1, 'admin/users', 'GET', '127.0.0.1', '[]', '2024-09-09 05:35:00', '2024-09-09 05:35:00'),
(301, 1, 'admin/users/create', 'GET', '127.0.0.1', '[]', '2024-09-09 05:35:03', '2024-09-09 05:35:03'),
(302, 1, 'admin/users', 'GET', '127.0.0.1', '[]', '2024-09-09 05:35:37', '2024-09-09 05:35:37'),
(303, 1, 'admin/users/create', 'GET', '127.0.0.1', '[]', '2024-09-09 05:35:40', '2024-09-09 05:35:40'),
(304, 1, 'admin/users', 'POST', '127.0.0.1', '{\"name\":\"instructor\",\"email\":\"instructor@gmail.com\",\"role_id\":\"2\",\"email_verified_at\":\"2024-09-09 08:35:40\",\"password\":\"*****-filtered-out-*****\",\"_token\":\"NaM1CalgtZ1uex9j6RtSbJmIWfCo3ZDHjCgV28je\"}', '2024-09-09 05:36:17', '2024-09-09 05:36:17'),
(305, 1, 'admin/users', 'GET', '127.0.0.1', '[]', '2024-09-09 05:36:18', '2024-09-09 05:36:18'),
(306, 1, 'admin/instructors', 'GET', '127.0.0.1', '[]', '2024-09-09 05:36:28', '2024-09-09 05:36:28'),
(307, 1, 'admin/instructors/2/edit', 'GET', '127.0.0.1', '[]', '2024-09-09 05:36:31', '2024-09-09 05:36:31'),
(308, 1, 'admin/instructors/2', 'PUT', '127.0.0.1', '{\"user_id\":\"4\",\"categories_id\":\"1\",\"_token\":\"NaM1CalgtZ1uex9j6RtSbJmIWfCo3ZDHjCgV28je\",\"_method\":\"PUT\"}', '2024-09-09 05:36:40', '2024-09-09 05:36:40'),
(309, 1, 'admin/instructors', 'GET', '127.0.0.1', '[]', '2024-09-09 05:36:40', '2024-09-09 05:36:40'),
(310, 1, 'admin/auth/logout', 'GET', '127.0.0.1', '[]', '2024-09-09 05:37:39', '2024-09-09 05:37:39'),
(311, 2, 'admin', 'GET', '127.0.0.1', '[]', '2024-09-09 05:37:56', '2024-09-09 05:37:56'),
(312, 2, 'admin/users', 'GET', '127.0.0.1', '[]', '2024-09-09 05:38:10', '2024-09-09 05:38:10'),
(313, 2, 'admin/instructors', 'GET', '127.0.0.1', '[]', '2024-09-09 05:38:12', '2024-09-09 05:38:12'),
(314, 2, 'admin/categories', 'GET', '127.0.0.1', '[]', '2024-09-09 05:38:14', '2024-09-09 05:38:14'),
(315, 2, 'admin/auth/logout', 'GET', '127.0.0.1', '[]', '2024-09-09 05:38:29', '2024-09-09 05:38:29'),
(316, 1, 'admin', 'GET', '127.0.0.1', '[]', '2024-09-09 05:38:56', '2024-09-09 05:38:56'),
(317, 1, 'admin/helpers/scaffold', 'GET', '127.0.0.1', '[]', '2024-09-09 05:39:29', '2024-09-09 05:39:29'),
(318, 1, 'admin/helpers/scaffold', 'POST', '127.0.0.1', '{\"table_name\":\"courses\",\"model_name\":\"App\\\\Models\\\\Courses\",\"controller_name\":\"App\\\\Admin\\\\Controllers\\\\CoursesController\",\"create\":[\"controller\",\"menu_item\"],\"fields\":[{\"name\":null,\"type\":\"string\",\"nullable\":\"on\",\"key\":null,\"default\":null,\"comment\":null}],\"timestamps\":\"on\",\"primary_key\":\"id\",\"_token\":\"9VlWFSchRbXhaySls4T1eIo80UvLze7FqSb07ssb\"}', '2024-09-09 05:41:10', '2024-09-09 05:41:10'),
(319, 1, 'admin/helpers/scaffold', 'GET', '127.0.0.1', '[]', '2024-09-09 05:41:10', '2024-09-09 05:41:10'),
(320, 1, 'admin/helpers/scaffold', 'GET', '127.0.0.1', '[]', '2024-09-09 05:41:30', '2024-09-09 05:41:30'),
(321, 1, 'admin/courses', 'GET', '127.0.0.1', '[]', '2024-09-09 05:41:32', '2024-09-09 05:41:32'),
(322, 1, 'admin/courses/create', 'GET', '127.0.0.1', '[]', '2024-09-09 05:41:35', '2024-09-09 05:41:35'),
(323, 1, 'admin/courses/create', 'GET', '127.0.0.1', '[]', '2024-09-09 05:43:08', '2024-09-09 05:43:08'),
(324, 1, 'admin/courses/create', 'GET', '127.0.0.1', '[]', '2024-09-09 05:45:08', '2024-09-09 05:45:08'),
(325, 1, 'admin/courses', 'POST', '127.0.0.1', '{\"name\":\"Web Design\",\"instructor_id\":\"4\",\"title\":\"Web\",\"description\":\"Learn About Web Technology\",\"price\":\"200000\",\"categories_id\":\"1\",\"language\":\"Html, Css, Javascript\",\"_token\":\"9VlWFSchRbXhaySls4T1eIo80UvLze7FqSb07ssb\"}', '2024-09-09 05:47:58', '2024-09-09 05:47:58'),
(326, 1, 'admin/courses/create', 'GET', '127.0.0.1', '[]', '2024-09-09 05:47:59', '2024-09-09 05:47:59'),
(327, 1, 'admin/courses/create', 'GET', '127.0.0.1', '[]', '2024-09-09 05:49:20', '2024-09-09 05:49:20'),
(328, 1, 'admin/courses/create', 'GET', '127.0.0.1', '[]', '2024-09-09 05:49:58', '2024-09-09 05:49:58'),
(329, 1, 'admin/courses', 'POST', '127.0.0.1', '{\"name\":\"khbsfv\",\"instructor_id\":\"4\",\"title\":\"klm ndl\",\"description\":\"skvnclk\",\"price\":\"51327\",\"categories_id\":\"1\",\"language\":\"fsjvnskv\",\"_token\":\"9VlWFSchRbXhaySls4T1eIo80UvLze7FqSb07ssb\"}', '2024-09-09 05:50:38', '2024-09-09 05:50:38'),
(330, 1, 'admin/courses/create', 'GET', '127.0.0.1', '[]', '2024-09-09 05:50:38', '2024-09-09 05:50:38'),
(331, 1, 'admin/courses', 'POST', '127.0.0.1', '{\"name\":\"khbsfv\",\"instructor_id\":\"4\",\"title\":\"klm ndl\",\"description\":\"skvnclk\",\"price\":\"51327\",\"categories_id\":\"1\",\"language\":\"fsjvnskv\",\"_token\":\"9VlWFSchRbXhaySls4T1eIo80UvLze7FqSb07ssb\"}', '2024-09-09 05:55:32', '2024-09-09 05:55:32'),
(332, 1, 'admin/courses/create', 'GET', '127.0.0.1', '[]', '2024-09-09 05:55:33', '2024-09-09 05:55:33'),
(333, 1, 'admin/courses/create', 'GET', '127.0.0.1', '[]', '2024-09-09 05:55:54', '2024-09-09 05:55:54'),
(334, 1, 'admin/courses', 'GET', '127.0.0.1', '[]', '2024-09-09 05:55:57', '2024-09-09 05:55:57'),
(335, 1, 'admin/courses/create', 'GET', '127.0.0.1', '[]', '2024-09-09 05:56:00', '2024-09-09 05:56:00'),
(336, 1, 'admin/courses', 'POST', '127.0.0.1', '{\"name\":\"snkls\",\"instructor_id\":\"4\",\"title\":\"isknv skl\",\"description\":\"lskvlsf\",\"price\":\"352\",\"categories_id\":\"1\",\"language\":\"klzcn klczn\",\"_token\":\"9VlWFSchRbXhaySls4T1eIo80UvLze7FqSb07ssb\"}', '2024-09-09 05:56:23', '2024-09-09 05:56:23'),
(337, 1, 'admin/courses/create', 'GET', '127.0.0.1', '[]', '2024-09-09 05:56:23', '2024-09-09 05:56:23'),
(338, 1, 'admin', 'GET', '127.0.0.1', '[]', '2024-09-09 06:17:27', '2024-09-09 06:17:27'),
(339, 1, 'admin/auth/logout', 'GET', '127.0.0.1', '[]', '2024-09-09 06:17:33', '2024-09-09 06:17:33'),
(340, 1, 'admin', 'GET', '127.0.0.1', '[]', '2024-09-09 07:38:32', '2024-09-09 07:38:32'),
(341, 1, 'admin/auth/users', 'GET', '127.0.0.1', '[]', '2024-09-09 07:38:42', '2024-09-09 07:38:42'),
(342, 1, 'admin/auth/permissions', 'GET', '127.0.0.1', '[]', '2024-09-09 07:38:47', '2024-09-09 07:38:47'),
(343, 1, 'admin/auth/menu', 'GET', '127.0.0.1', '[]', '2024-09-09 07:38:49', '2024-09-09 07:38:49'),
(344, 1, 'admin/users', 'GET', '127.0.0.1', '[]', '2024-09-09 07:38:59', '2024-09-09 07:38:59'),
(345, 1, 'admin/instructors', 'GET', '127.0.0.1', '[]', '2024-09-09 07:39:04', '2024-09-09 07:39:04'),
(346, 1, 'admin/categories', 'GET', '127.0.0.1', '[]', '2024-09-09 07:39:10', '2024-09-09 07:39:10'),
(347, 1, 'admin/courses', 'GET', '127.0.0.1', '[]', '2024-09-09 07:39:13', '2024-09-09 07:39:13'),
(348, 1, 'admin/courses/create', 'GET', '127.0.0.1', '[]', '2024-09-09 07:39:19', '2024-09-09 07:39:19'),
(349, 1, 'admin/courses', 'POST', '127.0.0.1', '{\"name\":\"Web Design\",\"instructor_id\":\"2\",\"title\":\"Web\",\"description\":\"Learn\",\"price\":\"20000\",\"categories_id\":\"1\",\"language\":\"Html\",\"_token\":\"Es5en6eI4yIGkKvjXuQOMZlm5SaeyuOHeMcaJGQq\"}', '2024-09-09 07:40:53', '2024-09-09 07:40:53'),
(350, 1, 'admin/courses', 'GET', '127.0.0.1', '[]', '2024-09-09 07:40:53', '2024-09-09 07:40:53'),
(351, 1, 'admin/categories', 'GET', '127.0.0.1', '[]', '2024-09-09 07:42:16', '2024-09-09 07:42:16'),
(352, 1, 'admin/auth/users', 'GET', '127.0.0.1', '[]', '2024-09-09 07:42:29', '2024-09-09 07:42:29'),
(353, 1, 'admin/auth/users/create', 'GET', '127.0.0.1', '[]', '2024-09-09 07:42:32', '2024-09-09 07:42:32'),
(354, 1, 'admin/auth/users', 'POST', '127.0.0.1', '{\"username\":\"instructor\",\"name\":\"instructor\",\"password\":\"*****-filtered-out-*****\",\"password_confirmation\":\"instructor\",\"roles\":[\"2\",null],\"search_terms\":null,\"permissions\":[null],\"_token\":\"Es5en6eI4yIGkKvjXuQOMZlm5SaeyuOHeMcaJGQq\"}', '2024-09-09 07:43:17', '2024-09-09 07:43:17'),
(355, 1, 'admin/auth/users/create', 'GET', '127.0.0.1', '[]', '2024-09-09 07:43:18', '2024-09-09 07:43:18'),
(356, 1, 'admin/auth/users', 'POST', '127.0.0.1', '{\"username\":\"instructor\",\"name\":\"instructor\",\"password\":\"*****-filtered-out-*****\",\"password_confirmation\":\"instructor\",\"roles\":[\"2\",null],\"search_terms\":null,\"permissions\":[\"1\",null],\"_token\":\"Es5en6eI4yIGkKvjXuQOMZlm5SaeyuOHeMcaJGQq\"}', '2024-09-09 07:43:42', '2024-09-09 07:43:42'),
(357, 1, 'admin/auth/users/create', 'GET', '127.0.0.1', '[]', '2024-09-09 07:43:43', '2024-09-09 07:43:43'),
(358, 1, 'admin/auth/users', 'GET', '127.0.0.1', '[]', '2024-09-09 07:43:51', '2024-09-09 07:43:51'),
(359, 1, 'admin/auth/users', 'GET', '127.0.0.1', '[]', '2024-09-09 07:43:54', '2024-09-09 07:43:54'),
(360, 1, 'admin/auth/roles', 'GET', '127.0.0.1', '[]', '2024-09-09 07:43:56', '2024-09-09 07:43:56'),
(361, 1, 'admin/auth/users', 'GET', '127.0.0.1', '[]', '2024-09-09 07:43:57', '2024-09-09 07:43:57'),
(362, 1, 'admin/auth/users/create', 'GET', '127.0.0.1', '[]', '2024-09-09 07:44:01', '2024-09-09 07:44:01'),
(363, 1, 'admin/auth/users', 'POST', '127.0.0.1', '{\"username\":\"instructor\",\"name\":\"instructor\",\"password\":\"*****-filtered-out-*****\",\"password_confirmation\":\"instructor\",\"roles\":[\"2\",null],\"search_terms\":null,\"permissions\":[\"1\",null],\"_token\":\"Es5en6eI4yIGkKvjXuQOMZlm5SaeyuOHeMcaJGQq\"}', '2024-09-09 07:44:32', '2024-09-09 07:44:32'),
(364, 1, 'admin/auth/users/create', 'GET', '127.0.0.1', '[]', '2024-09-09 07:44:33', '2024-09-09 07:44:33'),
(365, 1, 'admin/auth/users', 'POST', '127.0.0.1', '{\"username\":\"instructor\",\"name\":\"instructor\",\"password\":\"*****-filtered-out-*****\",\"password_confirmation\":\"instructor\",\"roles\":[\"2\",null],\"search_terms\":null,\"permissions\":[\"1\",null],\"_token\":\"Es5en6eI4yIGkKvjXuQOMZlm5SaeyuOHeMcaJGQq\"}', '2024-09-09 07:45:21', '2024-09-09 07:45:21'),
(366, 1, 'admin/auth/users', 'GET', '127.0.0.1', '[]', '2024-09-09 07:45:22', '2024-09-09 07:45:22'),
(367, 1, 'admin/auth/logout', 'GET', '127.0.0.1', '[]', '2024-09-09 07:45:31', '2024-09-09 07:45:31'),
(368, 2, 'admin', 'GET', '127.0.0.1', '[]', '2024-09-09 07:45:39', '2024-09-09 07:45:39'),
(369, 2, 'admin/helpers/scaffold', 'GET', '127.0.0.1', '[]', '2024-09-09 07:45:54', '2024-09-09 07:45:54'),
(370, 2, 'admin/helpers/scaffold', 'POST', '127.0.0.1', '{\"table_name\":\"lessons\",\"model_name\":\"App\\\\Models\\\\Lessons\",\"controller_name\":\"App\\\\Admin\\\\Controllers\\\\LessonsController\",\"create\":[\"controller\",\"menu_item\"],\"fields\":[{\"name\":null,\"type\":\"string\",\"nullable\":\"on\",\"key\":null,\"default\":null,\"comment\":null}],\"timestamps\":\"on\",\"primary_key\":\"id\",\"_token\":\"vpwNRYROMChHMLfG7YzkFbXgDAF2PWilgNGmO4d0\"}', '2024-09-09 08:35:39', '2024-09-09 08:35:39'),
(371, 2, 'admin/helpers/scaffold', 'GET', '127.0.0.1', '[]', '2024-09-09 08:35:40', '2024-09-09 08:35:40'),
(372, 2, 'admin/helpers/scaffold', 'GET', '127.0.0.1', '[]', '2024-09-09 08:35:47', '2024-09-09 08:35:47'),
(373, 2, 'admin/helpers/scaffold', 'GET', '127.0.0.1', '[]', '2024-09-09 08:36:02', '2024-09-09 08:36:02'),
(374, 2, 'admin/helpers/routes', 'GET', '127.0.0.1', '[]', '2024-09-09 08:36:15', '2024-09-09 08:36:15'),
(375, 2, 'admin/helpers/terminal/database', 'GET', '127.0.0.1', '[]', '2024-09-09 08:36:40', '2024-09-09 08:36:40'),
(376, 2, 'admin/helpers/scaffold', 'GET', '127.0.0.1', '[]', '2024-09-09 08:36:43', '2024-09-09 08:36:43'),
(377, 2, 'admin/helpers/scaffold', 'GET', '127.0.0.1', '[]', '2024-09-09 08:36:51', '2024-09-09 08:36:51'),
(378, 2, 'admin/helpers/terminal/database', 'GET', '127.0.0.1', '[]', '2024-09-09 08:36:55', '2024-09-09 08:36:55'),
(379, 2, 'admin/helpers/terminal/artisan', 'GET', '127.0.0.1', '[]', '2024-09-09 08:36:59', '2024-09-09 08:36:59'),
(380, 2, 'admin/helpers/routes', 'GET', '127.0.0.1', '[]', '2024-09-09 08:37:07', '2024-09-09 08:37:07'),
(381, 2, 'admin/helpers/scaffold', 'GET', '127.0.0.1', '[]', '2024-09-09 08:37:30', '2024-09-09 08:37:30'),
(382, 1, 'admin', 'GET', '127.0.0.1', '[]', '2024-09-09 08:37:47', '2024-09-09 08:37:47');
INSERT INTO `admin_operation_log` (`id`, `user_id`, `path`, `method`, `ip`, `input`, `created_at`, `updated_at`) VALUES
(383, 1, 'admin/auth/menu', 'GET', '127.0.0.1', '[]', '2024-09-09 08:37:53', '2024-09-09 08:37:53'),
(384, 1, 'admin/auth/menu/21', 'DELETE', '127.0.0.1', '{\"_method\":\"delete\",\"_token\":\"QEv0qJgi8p8Kf1apXXpIg2DIjVJ1K8puhY4zXmij\"}', '2024-09-09 08:38:01', '2024-09-09 08:38:01'),
(385, 1, 'admin/auth/menu', 'GET', '127.0.0.1', '[]', '2024-09-09 08:38:01', '2024-09-09 08:38:01'),
(386, 2, 'admin/helpers/scaffold', 'GET', '127.0.0.1', '[]', '2024-09-09 08:38:06', '2024-09-09 08:38:06'),
(387, 2, 'admin/helpers/scaffold', 'GET', '127.0.0.1', '[]', '2024-09-09 08:38:09', '2024-09-09 08:38:09'),
(388, 2, 'admin/helpers/scaffold', 'POST', '127.0.0.1', '{\"table_name\":\"lessons\",\"model_name\":\"App\\\\Models\\\\Lessons\",\"controller_name\":\"App\\\\Admin\\\\Controllers\\\\LessonsController\",\"create\":[\"controller\",\"menu_item\"],\"fields\":[{\"name\":null,\"type\":\"string\",\"nullable\":\"on\",\"key\":null,\"default\":null,\"comment\":null}],\"timestamps\":\"on\",\"primary_key\":\"id\",\"_token\":\"vpwNRYROMChHMLfG7YzkFbXgDAF2PWilgNGmO4d0\"}', '2024-09-09 08:38:49', '2024-09-09 08:38:49'),
(389, 2, 'admin/helpers/scaffold', 'GET', '127.0.0.1', '[]', '2024-09-09 08:38:49', '2024-09-09 08:38:49'),
(390, 2, 'admin/helpers/scaffold', 'GET', '127.0.0.1', '[]', '2024-09-09 08:39:34', '2024-09-09 08:39:34'),
(391, 2, 'admin/lessons', 'GET', '127.0.0.1', '[]', '2024-09-09 08:39:35', '2024-09-09 08:39:35'),
(392, 2, 'admin/lessons/create', 'GET', '127.0.0.1', '[]', '2024-09-09 08:39:38', '2024-09-09 08:39:38'),
(393, 2, 'admin/courses', 'GET', '127.0.0.1', '[]', '2024-09-09 08:39:59', '2024-09-09 08:39:59'),
(394, 2, 'admin/courses/create', 'GET', '127.0.0.1', '[]', '2024-09-09 08:40:22', '2024-09-09 08:40:22'),
(395, 2, 'admin/courses/create', 'GET', '127.0.0.1', '[]', '2024-09-09 08:51:30', '2024-09-09 08:51:30'),
(396, 2, 'admin/instructors', 'GET', '127.0.0.1', '[]', '2024-09-09 08:53:00', '2024-09-09 08:53:00'),
(397, 2, 'admin/instructors/create', 'GET', '127.0.0.1', '[]', '2024-09-09 08:53:03', '2024-09-09 08:53:03'),
(398, 1, 'admin', 'GET', '127.0.0.1', '[]', '2024-09-09 08:53:27', '2024-09-09 08:53:27'),
(399, 1, 'admin/users', 'GET', '127.0.0.1', '[]', '2024-09-09 08:53:32', '2024-09-09 08:53:32'),
(400, 1, 'admin/users/create', 'GET', '127.0.0.1', '[]', '2024-09-09 08:53:35', '2024-09-09 08:53:35'),
(401, 1, 'admin/users', 'POST', '127.0.0.1', '{\"name\":\"john\",\"email\":\"john@gmail.com\",\"role_id\":\"2\",\"email_verified_at\":\"2024-09-09 11:53:35\",\"password\":\"*****-filtered-out-*****\",\"_token\":\"u6VbOq1KviIytxSmeRyMCIukiFiWtxCfv6EgnYpq\"}', '2024-09-09 08:54:30', '2024-09-09 08:54:30'),
(402, 1, 'admin/users/create', 'GET', '127.0.0.1', '[]', '2024-09-09 08:54:31', '2024-09-09 08:54:31'),
(403, 2, 'admin/instructors/create', 'GET', '127.0.0.1', '[]', '2024-09-09 08:56:23', '2024-09-09 08:56:23'),
(404, 2, 'admin/instructors', 'GET', '127.0.0.1', '[]', '2024-09-09 08:56:27', '2024-09-09 08:56:27'),
(405, 2, 'admin/users', 'GET', '127.0.0.1', '[]', '2024-09-09 08:56:30', '2024-09-09 08:56:30'),
(406, 2, 'admin/users/create', 'GET', '127.0.0.1', '[]', '2024-09-09 08:56:32', '2024-09-09 08:56:32'),
(407, 2, 'admin/users', 'POST', '127.0.0.1', '{\"name\":\"john\",\"username\":\"john\",\"email\":\"john@gmail.com\",\"role_id\":\"2\",\"email_verified_at\":\"2024-09-09 11:56:32\",\"password\":\"*****-filtered-out-*****\",\"_token\":\"vpwNRYROMChHMLfG7YzkFbXgDAF2PWilgNGmO4d0\"}', '2024-09-09 08:57:10', '2024-09-09 08:57:10'),
(408, 2, 'admin/users', 'GET', '127.0.0.1', '[]', '2024-09-09 08:57:11', '2024-09-09 08:57:11'),
(409, 2, 'admin/instructors', 'GET', '127.0.0.1', '[]', '2024-09-09 08:57:41', '2024-09-09 08:57:41'),
(410, 1, 'admin/instructors', 'GET', '127.0.0.1', '[]', '2024-09-09 08:57:51', '2024-09-09 08:57:51'),
(411, 1, 'admin/instructors', 'GET', '127.0.0.1', '[]', '2024-09-09 08:58:13', '2024-09-09 08:58:13'),
(412, 1, 'admin/instructors', 'GET', '127.0.0.1', '[]', '2024-09-09 08:58:15', '2024-09-09 08:58:15'),
(413, 1, 'admin/users', 'GET', '127.0.0.1', '[]', '2024-09-09 08:58:52', '2024-09-09 08:58:52'),
(414, 2, 'admin/instructors', 'GET', '127.0.0.1', '[]', '2024-09-09 08:59:02', '2024-09-09 08:59:02'),
(415, 2, 'admin/users', 'GET', '127.0.0.1', '[]', '2024-09-09 08:59:05', '2024-09-09 08:59:05'),
(416, 1, 'admin/users/5/edit', 'GET', '127.0.0.1', '[]', '2024-09-09 08:59:19', '2024-09-09 08:59:19'),
(417, 1, 'admin/instructors', 'GET', '127.0.0.1', '[]', '2024-09-09 08:59:23', '2024-09-09 08:59:23'),
(418, 1, 'admin/instructors/create', 'GET', '127.0.0.1', '[]', '2024-09-09 08:59:35', '2024-09-09 08:59:35'),
(419, 1, 'admin/users', 'GET', '127.0.0.1', '[]', '2024-09-09 08:59:39', '2024-09-09 08:59:39'),
(420, 1, 'admin/users/create', 'GET', '127.0.0.1', '[]', '2024-09-09 08:59:40', '2024-09-09 08:59:40'),
(421, 1, 'admin/users', 'POST', '127.0.0.1', '{\"name\":\"john\",\"username\":\"john\",\"email\":\"john@gmail.com\",\"role_id\":\"2\",\"email_verified_at\":\"2024-09-09 11:59:40\",\"password\":\"*****-filtered-out-*****\",\"_token\":\"u6VbOq1KviIytxSmeRyMCIukiFiWtxCfv6EgnYpq\"}', '2024-09-09 09:00:05', '2024-09-09 09:00:05'),
(422, 1, 'admin/users/create', 'GET', '127.0.0.1', '[]', '2024-09-09 09:00:06', '2024-09-09 09:00:06'),
(423, 2, 'admin/users/5', 'DELETE', '127.0.0.1', '{\"_method\":\"delete\",\"_token\":\"vpwNRYROMChHMLfG7YzkFbXgDAF2PWilgNGmO4d0\"}', '2024-09-09 09:00:22', '2024-09-09 09:00:22'),
(424, 2, 'admin/users', 'GET', '127.0.0.1', '[]', '2024-09-09 09:00:22', '2024-09-09 09:00:22'),
(425, 1, 'admin/users/create', 'GET', '127.0.0.1', '[]', '2024-09-09 09:00:29', '2024-09-09 09:00:29'),
(426, 1, 'admin/users', 'POST', '127.0.0.1', '{\"name\":\"john\",\"username\":\"john\",\"email\":\"john@gmail.com\",\"role_id\":\"2\",\"email_verified_at\":\"2024-09-09 12:00:29\",\"password\":\"*****-filtered-out-*****\",\"_token\":\"u6VbOq1KviIytxSmeRyMCIukiFiWtxCfv6EgnYpq\"}', '2024-09-09 09:00:57', '2024-09-09 09:00:57'),
(427, 1, 'admin/users', 'GET', '127.0.0.1', '[]', '2024-09-09 09:00:58', '2024-09-09 09:00:58'),
(428, 1, 'admin/instructors', 'GET', '127.0.0.1', '[]', '2024-09-09 09:01:03', '2024-09-09 09:01:03'),
(429, 1, 'admin/auth/permissions', 'GET', '127.0.0.1', '[]', '2024-09-09 09:01:32', '2024-09-09 09:01:32'),
(430, 1, 'admin/auth/roles', 'GET', '127.0.0.1', '[]', '2024-09-09 09:01:33', '2024-09-09 09:01:33'),
(431, 1, 'admin/auth/permissions', 'GET', '127.0.0.1', '[]', '2024-09-09 09:01:38', '2024-09-09 09:01:38'),
(432, 1, 'admin/auth/permissions/create', 'GET', '127.0.0.1', '[]', '2024-09-09 09:01:44', '2024-09-09 09:01:44'),
(433, 1, 'admin/auth/permissions', 'GET', '127.0.0.1', '[]', '2024-09-09 09:01:52', '2024-09-09 09:01:52'),
(434, 1, 'admin/auth/menu', 'GET', '127.0.0.1', '[]', '2024-09-09 09:01:53', '2024-09-09 09:01:53'),
(435, 1, 'admin/users', 'GET', '127.0.0.1', '[]', '2024-09-09 09:02:04', '2024-09-09 09:02:04'),
(436, 1, 'admin/instructors', 'GET', '127.0.0.1', '[]', '2024-09-09 09:02:10', '2024-09-09 09:02:10'),
(437, 1, 'admin/categories', 'GET', '127.0.0.1', '[]', '2024-09-09 09:02:13', '2024-09-09 09:02:13'),
(438, 1, 'admin/courses', 'GET', '127.0.0.1', '[]', '2024-09-09 09:02:17', '2024-09-09 09:02:17'),
(439, 1, 'admin/lessons', 'GET', '127.0.0.1', '[]', '2024-09-09 09:02:20', '2024-09-09 09:02:20'),
(440, 1, 'admin/instructors', 'GET', '127.0.0.1', '[]', '2024-09-09 09:02:26', '2024-09-09 09:02:26'),
(441, 2, 'admin/auth/menu', 'GET', '127.0.0.1', '[]', '2024-09-09 09:04:57', '2024-09-09 09:04:57'),
(442, 2, 'admin/auth/menu/18', 'DELETE', '127.0.0.1', '{\"_method\":\"delete\",\"_token\":\"vpwNRYROMChHMLfG7YzkFbXgDAF2PWilgNGmO4d0\"}', '2024-09-09 09:05:09', '2024-09-09 09:05:09'),
(443, 2, 'admin/auth/menu', 'GET', '127.0.0.1', '[]', '2024-09-09 09:05:09', '2024-09-09 09:05:09'),
(444, 2, 'admin/users', 'GET', '127.0.0.1', '[]', '2024-09-09 09:05:19', '2024-09-09 09:05:19'),
(445, 2, 'admin/helpers/scaffold', 'GET', '127.0.0.1', '[]', '2024-09-09 09:05:25', '2024-09-09 09:05:25'),
(446, 2, 'admin/helpers/scaffold', 'POST', '127.0.0.1', '{\"table_name\":\"instructor\",\"model_name\":\"App\\\\Models\\\\Instructor\",\"controller_name\":\"App\\\\Admin\\\\Controllers\\\\InstructorController\",\"create\":[\"controller\",\"menu_item\"],\"fields\":[{\"name\":null,\"type\":\"string\",\"nullable\":\"on\",\"key\":null,\"default\":null,\"comment\":null}],\"timestamps\":\"on\",\"primary_key\":\"id\",\"_token\":\"vpwNRYROMChHMLfG7YzkFbXgDAF2PWilgNGmO4d0\"}', '2024-09-09 09:06:12', '2024-09-09 09:06:12'),
(447, 2, 'admin/helpers/scaffold', 'GET', '127.0.0.1', '[]', '2024-09-09 09:06:13', '2024-09-09 09:06:13'),
(448, 2, 'admin/helpers/scaffold', 'GET', '127.0.0.1', '[]', '2024-09-09 09:06:55', '2024-09-09 09:06:55'),
(449, 2, 'admin/instructors', 'GET', '127.0.0.1', '[]', '2024-09-09 09:07:01', '2024-09-09 09:07:01'),
(450, 1, 'admin/instructors', 'GET', '127.0.0.1', '[]', '2024-09-09 09:07:13', '2024-09-09 09:07:13'),
(451, 2, 'admin/users', 'GET', '127.0.0.1', '[]', '2024-09-09 09:08:19', '2024-09-09 09:08:19'),
(452, 2, 'admin/users', 'GET', '127.0.0.1', '[]', '2024-09-09 09:08:34', '2024-09-09 09:08:34'),
(453, 2, 'admin/users', 'GET', '127.0.0.1', '[]', '2024-09-09 09:08:34', '2024-09-09 09:08:34'),
(454, 2, 'admin/users', 'GET', '127.0.0.1', '[]', '2024-09-09 09:08:35', '2024-09-09 09:08:35'),
(455, 2, 'admin/users', 'GET', '127.0.0.1', '[]', '2024-09-09 09:08:35', '2024-09-09 09:08:35'),
(456, 2, 'admin/users', 'GET', '127.0.0.1', '[]', '2024-09-09 09:08:35', '2024-09-09 09:08:35'),
(457, 2, 'admin/users', 'GET', '127.0.0.1', '[]', '2024-09-09 09:08:36', '2024-09-09 09:08:36'),
(458, 2, 'admin/users', 'GET', '127.0.0.1', '[]', '2024-09-09 09:08:36', '2024-09-09 09:08:36'),
(459, 2, 'admin/users', 'GET', '127.0.0.1', '[]', '2024-09-09 09:08:37', '2024-09-09 09:08:37'),
(460, 2, 'admin/users', 'GET', '127.0.0.1', '[]', '2024-09-09 09:08:38', '2024-09-09 09:08:38'),
(461, 2, 'admin/instructors', 'GET', '127.0.0.1', '[]', '2024-09-09 09:08:43', '2024-09-09 09:08:43'),
(462, 2, 'admin/instructors', 'GET', '127.0.0.1', '[]', '2024-09-09 09:09:50', '2024-09-09 09:09:50'),
(463, 2, 'admin/instructors', 'GET', '127.0.0.1', '[]', '2024-09-09 09:10:08', '2024-09-09 09:10:08'),
(464, 2, 'admin/instructors', 'GET', '127.0.0.1', '[]', '2024-09-09 09:10:22', '2024-09-09 09:10:22'),
(465, 2, 'admin/instructors', 'GET', '127.0.0.1', '[]', '2024-09-09 09:10:32', '2024-09-09 09:10:32'),
(466, 2, 'admin/instructors', 'GET', '127.0.0.1', '[]', '2024-09-09 09:10:44', '2024-09-09 09:10:44'),
(467, 2, 'admin/instructors', 'GET', '127.0.0.1', '{\"id\":\"7\"}', '2024-09-09 09:10:56', '2024-09-09 09:10:56'),
(468, 2, 'admin/instructors', 'GET', '127.0.0.1', '{\"id\":\"5\"}', '2024-09-09 09:11:01', '2024-09-09 09:11:01'),
(469, 2, 'admin/instructors', 'GET', '127.0.0.1', '[]', '2024-09-09 09:11:30', '2024-09-09 09:11:30'),
(470, 2, 'admin/instructors/create', 'GET', '127.0.0.1', '[]', '2024-09-09 09:11:31', '2024-09-09 09:11:31'),
(471, 2, 'admin/instructors', 'POST', '127.0.0.1', '{\"user_id\":\"7\",\"categories_id\":\"1\",\"_token\":\"vpwNRYROMChHMLfG7YzkFbXgDAF2PWilgNGmO4d0\"}', '2024-09-09 09:11:43', '2024-09-09 09:11:43'),
(472, 2, 'admin/instructors', 'GET', '127.0.0.1', '[]', '2024-09-09 09:11:44', '2024-09-09 09:11:44'),
(473, 2, 'admin/lessons', 'GET', '127.0.0.1', '[]', '2024-09-09 09:12:11', '2024-09-09 09:12:11'),
(474, 2, 'admin/lessons/create', 'GET', '127.0.0.1', '[]', '2024-09-09 09:12:14', '2024-09-09 09:12:14'),
(475, 2, 'admin/users', 'GET', '127.0.0.1', '[]', '2024-09-09 09:12:28', '2024-09-09 09:12:28'),
(476, 2, 'admin/users/create', 'GET', '127.0.0.1', '[]', '2024-09-09 09:12:32', '2024-09-09 09:12:32'),
(477, 2, 'admin/courses', 'GET', '127.0.0.1', '[]', '2024-09-09 09:12:36', '2024-09-09 09:12:36'),
(478, 2, 'admin/courses/create', 'GET', '127.0.0.1', '[]', '2024-09-09 09:12:39', '2024-09-09 09:12:39'),
(479, 2, 'admin/courses/create', 'GET', '127.0.0.1', '[]', '2024-09-09 09:14:00', '2024-09-09 09:14:00'),
(480, 2, 'admin/courses/create', 'GET', '127.0.0.1', '[]', '2024-09-09 09:16:51', '2024-09-09 09:16:51'),
(481, 2, 'admin/users', 'GET', '127.0.0.1', '[]', '2024-09-09 09:19:29', '2024-09-09 09:19:29'),
(482, 2, 'admin/categories', 'GET', '127.0.0.1', '[]', '2024-09-09 09:19:34', '2024-09-09 09:19:34'),
(483, 2, 'admin/auth/logout', 'GET', '127.0.0.1', '[]', '2024-09-09 09:20:14', '2024-09-09 09:20:14'),
(484, 1, 'admin', 'GET', '127.0.0.1', '[]', '2024-09-10 03:42:49', '2024-09-10 03:42:49'),
(485, 1, 'admin/courses', 'GET', '127.0.0.1', '[]', '2024-09-10 03:42:53', '2024-09-10 03:42:53'),
(486, 1, 'admin/lessons', 'GET', '127.0.0.1', '[]', '2024-09-10 03:42:57', '2024-09-10 03:42:57'),
(487, 1, 'admin/courses', 'GET', '127.0.0.1', '[]', '2024-09-10 03:43:00', '2024-09-10 03:43:00'),
(488, 1, 'admin/instructors', 'GET', '127.0.0.1', '[]', '2024-09-10 03:43:01', '2024-09-10 03:43:01'),
(489, 1, 'admin/categories', 'GET', '127.0.0.1', '[]', '2024-09-10 03:43:05', '2024-09-10 03:43:05'),
(490, 1, 'admin/courses', 'GET', '127.0.0.1', '[]', '2024-09-10 03:43:08', '2024-09-10 03:43:08'),
(491, 1, 'admin/instructors', 'GET', '127.0.0.1', '[]', '2024-09-10 03:43:11', '2024-09-10 03:43:11'),
(492, 1, 'admin/instructors/create', 'GET', '127.0.0.1', '[]', '2024-09-10 03:43:13', '2024-09-10 03:43:13'),
(493, 1, 'admin/instructors', 'GET', '127.0.0.1', '[]', '2024-09-10 03:43:16', '2024-09-10 03:43:16'),
(494, 1, 'admin/users', 'GET', '127.0.0.1', '[]', '2024-09-10 03:43:23', '2024-09-10 03:43:23'),
(495, 1, 'admin/categories', 'GET', '127.0.0.1', '[]', '2024-09-10 03:43:26', '2024-09-10 03:43:26'),
(496, 1, 'admin/users', 'GET', '127.0.0.1', '[]', '2024-09-10 03:43:29', '2024-09-10 03:43:29'),
(497, 1, 'admin/users/create', 'GET', '127.0.0.1', '[]', '2024-09-10 03:43:30', '2024-09-10 03:43:30'),
(498, 1, 'admin/users', 'GET', '127.0.0.1', '[]', '2024-09-10 03:43:34', '2024-09-10 03:43:34'),
(499, 1, 'admin/courses', 'GET', '127.0.0.1', '[]', '2024-09-10 03:43:36', '2024-09-10 03:43:36'),
(500, 1, 'admin/courses/create', 'GET', '127.0.0.1', '[]', '2024-09-10 03:43:37', '2024-09-10 03:43:37'),
(501, 1, 'admin/users', 'GET', '127.0.0.1', '[]', '2024-09-10 03:45:23', '2024-09-10 03:45:23'),
(502, 1, 'admin/courses', 'GET', '127.0.0.1', '[]', '2024-09-10 03:49:53', '2024-09-10 03:49:53'),
(503, 1, 'admin/instructors', 'GET', '127.0.0.1', '[]', '2024-09-10 03:49:58', '2024-09-10 03:49:58'),
(504, 1, 'admin/instructors/create', 'GET', '127.0.0.1', '[]', '2024-09-10 03:50:00', '2024-09-10 03:50:00'),
(505, 1, 'admin/instructors/create', 'GET', '127.0.0.1', '[]', '2024-09-10 03:54:36', '2024-09-10 03:54:36'),
(506, 1, 'admin/instructors', 'POST', '127.0.0.1', '{\"user_id\":\"4\",\"search_terms\":null,\"categories_id\":\"1\",\"_token\":\"b26ldY1mCD7JGjm83Qjke8ZGduLH38LObQ3q2q7z\"}', '2024-09-10 03:54:44', '2024-09-10 03:54:44'),
(507, 1, 'admin/instructors', 'GET', '127.0.0.1', '[]', '2024-09-10 03:54:45', '2024-09-10 03:54:45'),
(508, 1, 'admin/instructors', 'GET', '127.0.0.1', '[]', '2024-09-10 03:55:33', '2024-09-10 03:55:33'),
(509, 1, 'admin/instructors/create', 'GET', '127.0.0.1', '[]', '2024-09-10 03:55:40', '2024-09-10 03:55:40'),
(510, 1, 'admin/instructors', 'GET', '127.0.0.1', '[]', '2024-09-10 03:55:55', '2024-09-10 03:55:55'),
(511, 1, 'admin/lessons', 'GET', '127.0.0.1', '[]', '2024-09-10 03:55:57', '2024-09-10 03:55:57'),
(512, 1, 'admin/courses', 'GET', '127.0.0.1', '[]', '2024-09-10 03:56:05', '2024-09-10 03:56:05'),
(513, 1, 'admin/courses/create', 'GET', '127.0.0.1', '[]', '2024-09-10 03:56:06', '2024-09-10 03:56:06'),
(514, 1, 'admin/users', 'GET', '127.0.0.1', '[]', '2024-09-10 03:56:28', '2024-09-10 03:56:28'),
(515, 1, 'admin/users/create', 'GET', '127.0.0.1', '[]', '2024-09-10 03:56:29', '2024-09-10 03:56:29'),
(516, 1, 'admin/categories', 'GET', '127.0.0.1', '[]', '2024-09-10 03:56:39', '2024-09-10 03:56:39'),
(517, 1, 'admin/categories/create', 'GET', '127.0.0.1', '[]', '2024-09-10 03:56:41', '2024-09-10 03:56:41'),
(518, 1, 'admin/courses', 'GET', '127.0.0.1', '[]', '2024-09-10 03:56:44', '2024-09-10 03:56:44'),
(519, 1, 'admin/courses/create', 'GET', '127.0.0.1', '[]', '2024-09-10 03:56:47', '2024-09-10 03:56:47'),
(520, 1, 'admin/courses/create', 'GET', '127.0.0.1', '[]', '2024-09-10 03:59:33', '2024-09-10 03:59:33'),
(521, 1, 'admin/courses/create', 'GET', '127.0.0.1', '[]', '2024-09-10 04:01:13', '2024-09-10 04:01:13'),
(522, 1, 'admin/courses', 'GET', '127.0.0.1', '[]', '2024-09-10 04:01:32', '2024-09-10 04:01:32'),
(523, 1, 'admin/courses/create', 'GET', '127.0.0.1', '[]', '2024-09-10 04:01:37', '2024-09-10 04:01:37'),
(524, 1, 'admin/courses/create', 'GET', '127.0.0.1', '[]', '2024-09-10 04:01:41', '2024-09-10 04:01:41'),
(525, 1, 'admin/users', 'GET', '127.0.0.1', '[]', '2024-09-10 04:01:44', '2024-09-10 04:01:44'),
(526, 1, 'admin/users/create', 'GET', '127.0.0.1', '[]', '2024-09-10 04:01:48', '2024-09-10 04:01:48'),
(527, 1, 'admin/users/create', 'GET', '127.0.0.1', '[]', '2024-09-10 04:06:01', '2024-09-10 04:06:01'),
(528, 1, 'admin/users', 'GET', '127.0.0.1', '[]', '2024-09-10 04:08:32', '2024-09-10 04:08:32'),
(529, 1, 'admin/users', 'GET', '127.0.0.1', '[]', '2024-09-10 04:08:33', '2024-09-10 04:08:33'),
(530, 1, 'admin/users/create', 'GET', '127.0.0.1', '[]', '2024-09-10 04:08:37', '2024-09-10 04:08:37'),
(531, 1, 'admin/categories', 'GET', '127.0.0.1', '[]', '2024-09-10 04:08:44', '2024-09-10 04:08:44'),
(532, 1, 'admin/categories/create', 'GET', '127.0.0.1', '[]', '2024-09-10 04:08:45', '2024-09-10 04:08:45'),
(533, 1, 'admin/courses', 'GET', '127.0.0.1', '[]', '2024-09-10 04:08:47', '2024-09-10 04:08:47'),
(534, 1, 'admin/courses', 'GET', '127.0.0.1', '[]', '2024-09-10 04:09:17', '2024-09-10 04:09:17'),
(535, 1, 'admin/courses', 'GET', '127.0.0.1', '[]', '2024-09-10 04:09:51', '2024-09-10 04:09:51'),
(536, 1, 'admin/courses/create', 'GET', '127.0.0.1', '[]', '2024-09-10 04:09:53', '2024-09-10 04:09:53'),
(537, 1, 'admin/courses/create', 'GET', '127.0.0.1', '[]', '2024-09-10 04:10:18', '2024-09-10 04:10:18'),
(538, 1, 'admin/courses/create', 'GET', '127.0.0.1', '[]', '2024-09-10 04:10:24', '2024-09-10 04:10:24'),
(539, 1, 'admin/courses', 'GET', '127.0.0.1', '[]', '2024-09-10 04:10:28', '2024-09-10 04:10:28'),
(540, 1, 'admin/courses', 'GET', '127.0.0.1', '[]', '2024-09-10 04:10:33', '2024-09-10 04:10:33'),
(541, 1, 'admin/courses', 'GET', '127.0.0.1', '[]', '2024-09-10 04:10:33', '2024-09-10 04:10:33'),
(542, 1, 'admin/courses', 'GET', '127.0.0.1', '[]', '2024-09-10 04:10:33', '2024-09-10 04:10:33'),
(543, 1, 'admin/courses', 'GET', '127.0.0.1', '[]', '2024-09-10 04:12:07', '2024-09-10 04:12:07'),
(544, 1, 'admin/courses', 'GET', '127.0.0.1', '[]', '2024-09-10 04:12:09', '2024-09-10 04:12:09'),
(545, 1, 'admin/courses/create', 'GET', '127.0.0.1', '[]', '2024-09-10 04:12:11', '2024-09-10 04:12:11'),
(546, 1, 'admin/courses/create', 'GET', '127.0.0.1', '[]', '2024-09-10 04:12:17', '2024-09-10 04:12:17'),
(547, 1, 'admin/categories', 'GET', '127.0.0.1', '[]', '2024-09-10 04:12:19', '2024-09-10 04:12:19'),
(548, 1, 'admin/users', 'GET', '127.0.0.1', '[]', '2024-09-10 04:12:20', '2024-09-10 04:12:20'),
(549, 1, 'admin/categories', 'GET', '127.0.0.1', '[]', '2024-09-10 04:12:22', '2024-09-10 04:12:22'),
(550, 1, 'admin/courses', 'GET', '127.0.0.1', '[]', '2024-09-10 04:12:23', '2024-09-10 04:12:23'),
(551, 1, 'admin/courses/create', 'GET', '127.0.0.1', '[]', '2024-09-10 04:12:25', '2024-09-10 04:12:25'),
(552, 1, 'admin/courses/create', 'GET', '127.0.0.1', '[]', '2024-09-10 04:12:34', '2024-09-10 04:12:34'),
(553, 1, 'admin/courses', 'GET', '127.0.0.1', '[]', '2024-09-10 04:12:36', '2024-09-10 04:12:36'),
(554, 1, 'admin/lessons', 'GET', '127.0.0.1', '[]', '2024-09-10 04:13:13', '2024-09-10 04:13:13'),
(555, 1, 'admin/lessons/create', 'GET', '127.0.0.1', '[]', '2024-09-10 04:13:17', '2024-09-10 04:13:17'),
(556, 1, 'admin/lessons', 'POST', '127.0.0.1', '{\"course_id\":\"5\",\"title\":\"python\",\"duration\":\"20\",\"_token\":\"b26ldY1mCD7JGjm83Qjke8ZGduLH38LObQ3q2q7z\"}', '2024-09-10 04:14:28', '2024-09-10 04:14:28'),
(557, 1, 'admin/lessons', 'GET', '127.0.0.1', '[]', '2024-09-10 04:14:28', '2024-09-10 04:14:28'),
(558, 1, 'admin/lessons', 'GET', '127.0.0.1', '[]', '2024-09-10 04:22:15', '2024-09-10 04:22:15'),
(559, 1, 'admin/lessons', 'GET', '127.0.0.1', '[]', '2024-09-10 04:22:17', '2024-09-10 04:22:17'),
(560, 1, 'admin/lessons/create', 'GET', '127.0.0.1', '[]', '2024-09-10 04:22:18', '2024-09-10 04:22:18'),
(561, 1, 'admin/helpers/scaffold', 'GET', '127.0.0.1', '[]', '2024-09-10 04:22:46', '2024-09-10 04:22:46'),
(562, 1, 'admin/helpers/scaffold', 'POST', '127.0.0.1', '{\"table_name\":\"lesson_types\",\"model_name\":\"App\\\\Models\\\\LessonType\",\"controller_name\":\"App\\\\Admin\\\\Controllers\\\\LessonTypeController\",\"create\":[\"controller\",\"menu_item\"],\"fields\":[{\"name\":null,\"type\":\"string\",\"nullable\":\"on\",\"key\":null,\"default\":null,\"comment\":null}],\"timestamps\":\"on\",\"primary_key\":\"id\",\"_token\":\"b26ldY1mCD7JGjm83Qjke8ZGduLH38LObQ3q2q7z\"}', '2024-09-10 04:23:48', '2024-09-10 04:23:48'),
(563, 1, 'admin/helpers/scaffold', 'GET', '127.0.0.1', '[]', '2024-09-10 04:23:49', '2024-09-10 04:23:49'),
(564, 1, 'admin/helpers/scaffold', 'GET', '127.0.0.1', '[]', '2024-09-10 04:24:16', '2024-09-10 04:24:16'),
(565, 1, 'admin/lesson-types', 'GET', '127.0.0.1', '[]', '2024-09-10 04:24:18', '2024-09-10 04:24:18'),
(566, 1, 'admin/lesson-types/create', 'GET', '127.0.0.1', '[]', '2024-09-10 04:24:21', '2024-09-10 04:24:21'),
(567, 1, 'admin/lesson-types/create', 'GET', '127.0.0.1', '[]', '2024-09-10 04:27:57', '2024-09-10 04:27:57'),
(568, 1, 'admin/lessons', 'GET', '127.0.0.1', '[]', '2024-09-10 04:28:16', '2024-09-10 04:28:16'),
(569, 1, 'admin/lesson-types', 'GET', '127.0.0.1', '[]', '2024-09-10 04:28:49', '2024-09-10 04:28:49'),
(570, 1, 'admin/lesson-types/create', 'GET', '127.0.0.1', '[]', '2024-09-10 04:28:51', '2024-09-10 04:28:51'),
(571, 1, 'admin/lesson-types/create', 'GET', '127.0.0.1', '[]', '2024-09-10 04:29:06', '2024-09-10 04:29:06'),
(572, 1, 'admin/lesson-types/create', 'GET', '127.0.0.1', '[]', '2024-09-10 04:33:35', '2024-09-10 04:33:35'),
(573, 1, 'admin/lesson-types/create', 'GET', '127.0.0.1', '[]', '2024-09-10 04:40:46', '2024-09-10 04:40:46'),
(574, 1, 'admin/lesson-types/create', 'GET', '127.0.0.1', '[]', '2024-09-10 04:44:11', '2024-09-10 04:44:11'),
(575, 1, 'admin/lessons', 'GET', '127.0.0.1', '[]', '2024-09-10 04:44:16', '2024-09-10 04:44:16'),
(576, 1, 'admin/lesson-types', 'GET', '127.0.0.1', '[]', '2024-09-10 04:44:28', '2024-09-10 04:44:28'),
(577, 1, 'admin/lesson-types/create', 'GET', '127.0.0.1', '[]', '2024-09-10 04:44:30', '2024-09-10 04:44:30'),
(578, 1, 'admin/lessons', 'GET', '127.0.0.1', '[]', '2024-09-10 04:45:20', '2024-09-10 04:45:20'),
(579, 1, 'admin/lesson-types', 'GET', '127.0.0.1', '[]', '2024-09-10 04:45:31', '2024-09-10 04:45:31'),
(580, 1, 'admin/lesson-types/create', 'GET', '127.0.0.1', '[]', '2024-09-10 04:45:33', '2024-09-10 04:45:33'),
(581, 1, 'admin/lesson-types/create', 'GET', '127.0.0.1', '[]', '2024-09-10 04:48:06', '2024-09-10 04:48:06'),
(582, 1, 'admin/auth/logout', 'GET', '127.0.0.1', '[]', '2024-09-10 04:48:48', '2024-09-10 04:48:48'),
(583, 1, 'admin', 'GET', '127.0.0.1', '[]', '2024-09-10 04:51:03', '2024-09-10 04:51:03'),
(584, 1, 'admin/users', 'GET', '127.0.0.1', '[]', '2024-09-10 04:56:30', '2024-09-10 04:56:30'),
(585, 1, 'admin/auth/menu', 'GET', '127.0.0.1', '[]', '2024-09-10 05:01:32', '2024-09-10 05:01:32'),
(586, 1, 'admin/auth/menu/17/edit', 'GET', '127.0.0.1', '[]', '2024-09-10 05:02:16', '2024-09-10 05:02:16'),
(587, 1, 'admin/auth/menu/17', 'PUT', '127.0.0.1', '{\"parent_id\":\"0\",\"search_terms\":null,\"title\":\"Users\",\"icon\":\"icon-user-alt\",\"uri\":\"users\",\"roles\":[null],\"permission\":null,\"_token\":\"Wn5gNAVMrFzMHpet1K3oOL5QtV6FX7g6wzJIEBjo\",\"_method\":\"PUT\"}', '2024-09-10 05:03:10', '2024-09-10 05:03:10'),
(588, 1, 'admin/auth/menu', 'GET', '127.0.0.1', '[]', '2024-09-10 05:03:10', '2024-09-10 05:03:10'),
(589, 1, 'admin/auth/menu/19/edit', 'GET', '127.0.0.1', '[]', '2024-09-10 05:03:20', '2024-09-10 05:03:20'),
(590, 1, 'admin/auth/menu/19', 'PUT', '127.0.0.1', '{\"parent_id\":\"0\",\"search_terms\":null,\"title\":\"Categories\",\"icon\":\"icon-th-list\",\"uri\":\"categories\",\"roles\":[null],\"permission\":null,\"_token\":\"Wn5gNAVMrFzMHpet1K3oOL5QtV6FX7g6wzJIEBjo\",\"_method\":\"PUT\"}', '2024-09-10 05:04:02', '2024-09-10 05:04:02'),
(591, 1, 'admin/auth/menu', 'GET', '127.0.0.1', '[]', '2024-09-10 05:04:02', '2024-09-10 05:04:02'),
(592, 1, 'admin/auth/menu/20/edit', 'GET', '127.0.0.1', '[]', '2024-09-10 05:04:08', '2024-09-10 05:04:08'),
(593, 1, 'admin/auth/menu/20', 'PUT', '127.0.0.1', '{\"parent_id\":\"0\",\"search_terms\":null,\"title\":\"Courses\",\"icon\":\"icon-book\",\"uri\":\"courses\",\"roles\":[null],\"permission\":null,\"_token\":\"Wn5gNAVMrFzMHpet1K3oOL5QtV6FX7g6wzJIEBjo\",\"_method\":\"PUT\"}', '2024-09-10 05:04:35', '2024-09-10 05:04:35'),
(594, 1, 'admin/auth/menu', 'GET', '127.0.0.1', '[]', '2024-09-10 05:04:35', '2024-09-10 05:04:35'),
(595, 1, 'admin/auth/menu/22/edit', 'GET', '127.0.0.1', '[]', '2024-09-10 05:04:42', '2024-09-10 05:04:42'),
(596, 1, 'admin/auth/menu/22', 'PUT', '127.0.0.1', '{\"parent_id\":\"0\",\"search_terms\":null,\"title\":\"Lessons\",\"icon\":\"icon-paperclip\",\"uri\":\"lessons\",\"roles\":[null],\"permission\":null,\"_token\":\"Wn5gNAVMrFzMHpet1K3oOL5QtV6FX7g6wzJIEBjo\",\"_method\":\"PUT\"}', '2024-09-10 05:04:56', '2024-09-10 05:04:56'),
(597, 1, 'admin/auth/menu', 'GET', '127.0.0.1', '[]', '2024-09-10 05:04:57', '2024-09-10 05:04:57'),
(598, 1, 'admin/auth/menu/23/edit', 'GET', '127.0.0.1', '[]', '2024-09-10 05:05:01', '2024-09-10 05:05:01'),
(599, 1, 'admin/auth/menu/23', 'PUT', '127.0.0.1', '{\"parent_id\":\"0\",\"search_terms\":null,\"title\":\"Instructors\",\"icon\":\"icon-chalkboard-teacher\",\"uri\":\"instructors\",\"roles\":[null],\"permission\":null,\"_token\":\"Wn5gNAVMrFzMHpet1K3oOL5QtV6FX7g6wzJIEBjo\",\"_method\":\"PUT\"}', '2024-09-10 05:05:19', '2024-09-10 05:05:19'),
(600, 1, 'admin/auth/menu', 'GET', '127.0.0.1', '[]', '2024-09-10 05:05:19', '2024-09-10 05:05:19'),
(601, 1, 'admin/auth/menu/24/edit', 'GET', '127.0.0.1', '[]', '2024-09-10 05:05:28', '2024-09-10 05:05:28'),
(602, 1, 'admin/auth/menu/24', 'PUT', '127.0.0.1', '{\"parent_id\":\"0\",\"search_terms\":null,\"title\":\"Lesson-types\",\"icon\":\"icon-align-left\",\"uri\":\"lesson-types\",\"roles\":[null],\"permission\":null,\"_token\":\"Wn5gNAVMrFzMHpet1K3oOL5QtV6FX7g6wzJIEBjo\",\"_method\":\"PUT\"}', '2024-09-10 05:05:58', '2024-09-10 05:05:58'),
(603, 1, 'admin/auth/menu', 'GET', '127.0.0.1', '[]', '2024-09-10 05:05:58', '2024-09-10 05:05:58'),
(604, 1, 'admin/auth/menu', 'POST', '127.0.0.1', '{\"_order\":\"[{\\\"id\\\":\\\"1\\\"},{\\\"id\\\":\\\"2\\\",\\\"children\\\":[{\\\"id\\\":\\\"3\\\"},{\\\"id\\\":\\\"4\\\"},{\\\"id\\\":\\\"5\\\"},{\\\"id\\\":\\\"6\\\"},{\\\"id\\\":\\\"7\\\"}]},{\\\"id\\\":\\\"8\\\",\\\"children\\\":[{\\\"id\\\":\\\"9\\\"},{\\\"id\\\":\\\"10\\\"},{\\\"id\\\":\\\"11\\\"},{\\\"id\\\":\\\"12\\\"}]},{\\\"id\\\":\\\"17\\\"},{\\\"id\\\":\\\"19\\\"},{\\\"id\\\":\\\"20\\\"},{\\\"id\\\":\\\"22\\\"},{\\\"id\\\":\\\"23\\\"},{\\\"id\\\":\\\"24\\\"}]\",\"_token\":\"Wn5gNAVMrFzMHpet1K3oOL5QtV6FX7g6wzJIEBjo\"}', '2024-09-10 05:06:02', '2024-09-10 05:06:02'),
(605, 1, 'admin/auth/menu', 'GET', '127.0.0.1', '[]', '2024-09-10 05:06:02', '2024-09-10 05:06:02'),
(606, 1, 'admin/auth/menu', 'GET', '127.0.0.1', '[]', '2024-09-10 05:06:04', '2024-09-10 05:06:04'),
(607, 1, 'admin/auth/menu', 'GET', '127.0.0.1', '[]', '2024-09-10 05:06:06', '2024-09-10 05:06:06'),
(608, 1, 'admin/auth/menu', 'GET', '127.0.0.1', '[]', '2024-09-10 05:06:06', '2024-09-10 05:06:06'),
(609, 1, 'admin/auth/menu', 'GET', '127.0.0.1', '[]', '2024-09-10 05:06:07', '2024-09-10 05:06:07'),
(610, 1, 'admin/auth/menu', 'POST', '127.0.0.1', '{\"_order\":\"[{\\\"id\\\":\\\"1\\\"},{\\\"id\\\":\\\"2\\\",\\\"children\\\":[{\\\"id\\\":\\\"3\\\"},{\\\"id\\\":\\\"4\\\"},{\\\"id\\\":\\\"5\\\"},{\\\"id\\\":\\\"6\\\"},{\\\"id\\\":\\\"7\\\"}]},{\\\"id\\\":\\\"17\\\"},{\\\"id\\\":\\\"19\\\"},{\\\"id\\\":\\\"20\\\"},{\\\"id\\\":\\\"22\\\"},{\\\"id\\\":\\\"23\\\"},{\\\"id\\\":\\\"24\\\"},{\\\"id\\\":\\\"8\\\",\\\"children\\\":[{\\\"id\\\":\\\"9\\\"},{\\\"id\\\":\\\"10\\\"},{\\\"id\\\":\\\"11\\\"},{\\\"id\\\":\\\"12\\\"}]}]\",\"_token\":\"Wn5gNAVMrFzMHpet1K3oOL5QtV6FX7g6wzJIEBjo\"}', '2024-09-10 05:06:20', '2024-09-10 05:06:20'),
(611, 1, 'admin/auth/menu', 'GET', '127.0.0.1', '[]', '2024-09-10 05:06:20', '2024-09-10 05:06:20'),
(612, 1, 'admin/auth/menu', 'POST', '127.0.0.1', '{\"_order\":\"[{\\\"id\\\":\\\"1\\\"},{\\\"id\\\":\\\"2\\\",\\\"children\\\":[{\\\"id\\\":\\\"3\\\"},{\\\"id\\\":\\\"4\\\"},{\\\"id\\\":\\\"5\\\"},{\\\"id\\\":\\\"6\\\"},{\\\"id\\\":\\\"7\\\"}]},{\\\"id\\\":\\\"17\\\"},{\\\"id\\\":\\\"19\\\"},{\\\"id\\\":\\\"20\\\"},{\\\"id\\\":\\\"22\\\"},{\\\"id\\\":\\\"23\\\"},{\\\"id\\\":\\\"24\\\"},{\\\"id\\\":\\\"8\\\",\\\"children\\\":[{\\\"id\\\":\\\"9\\\"},{\\\"id\\\":\\\"10\\\"},{\\\"id\\\":\\\"11\\\"},{\\\"id\\\":\\\"12\\\"}]}]\",\"_token\":\"Wn5gNAVMrFzMHpet1K3oOL5QtV6FX7g6wzJIEBjo\"}', '2024-09-10 05:06:22', '2024-09-10 05:06:22'),
(613, 1, 'admin/auth/menu', 'GET', '127.0.0.1', '[]', '2024-09-10 05:06:23', '2024-09-10 05:06:23'),
(614, 1, 'admin/auth/menu', 'GET', '127.0.0.1', '[]', '2024-09-10 05:06:25', '2024-09-10 05:06:25'),
(615, 1, 'admin', 'GET', '127.0.0.1', '[]', '2024-09-10 05:06:31', '2024-09-10 05:06:31'),
(616, 1, 'admin', 'GET', '127.0.0.1', '[]', '2024-09-10 05:06:40', '2024-09-10 05:06:40'),
(617, 1, 'admin/auth/users', 'GET', '127.0.0.1', '[]', '2024-09-10 05:19:54', '2024-09-10 05:19:54'),
(618, 1, 'admin/auth/users/2', 'GET', '127.0.0.1', '[]', '2024-09-10 05:20:02', '2024-09-10 05:20:02'),
(619, 1, 'admin/auth/users', 'GET', '127.0.0.1', '[]', '2024-09-10 05:20:07', '2024-09-10 05:20:07'),
(620, 1, 'admin/auth/users/2/edit', 'GET', '127.0.0.1', '[]', '2024-09-10 05:20:14', '2024-09-10 05:20:14'),
(621, 1, 'admin/auth/users', 'GET', '127.0.0.1', '[]', '2024-09-10 05:20:27', '2024-09-10 05:20:27'),
(622, 1, 'admin/auth/menu', 'GET', '127.0.0.1', '[]', '2024-09-10 05:20:31', '2024-09-10 05:20:31'),
(623, 1, 'admin/users', 'GET', '127.0.0.1', '[]', '2024-09-10 05:20:41', '2024-09-10 05:20:41'),
(624, 1, 'admin/courses', 'GET', '127.0.0.1', '[]', '2024-09-10 05:20:50', '2024-09-10 05:20:50'),
(625, 1, 'admin/auth/permissions', 'GET', '127.0.0.1', '[]', '2024-09-10 05:21:03', '2024-09-10 05:21:03'),
(626, 1, 'admin/auth/permissions/create', 'GET', '127.0.0.1', '[]', '2024-09-10 05:21:11', '2024-09-10 05:21:11'),
(627, 1, 'admin/auth/permissions', 'GET', '127.0.0.1', '[]', '2024-09-10 05:21:31', '2024-09-10 05:21:31'),
(628, 1, 'admin/auth/roles', 'GET', '127.0.0.1', '[]', '2024-09-10 05:21:51', '2024-09-10 05:21:51'),
(629, 1, 'admin/auth/roles/2/edit', 'GET', '127.0.0.1', '[]', '2024-09-10 05:21:55', '2024-09-10 05:21:55'),
(630, 1, 'admin/auth/roles/2', 'GET', '127.0.0.1', '[]', '2024-09-10 05:22:16', '2024-09-10 05:22:16'),
(631, 1, 'admin/auth/roles', 'GET', '127.0.0.1', '[]', '2024-09-10 05:22:21', '2024-09-10 05:22:21'),
(632, 1, 'admin/auth/permissions', 'GET', '127.0.0.1', '[]', '2024-09-10 05:22:24', '2024-09-10 05:22:24'),
(633, 1, 'admin/users', 'GET', '127.0.0.1', '[]', '2024-09-10 05:22:41', '2024-09-10 05:22:41'),
(634, 1, 'admin/users/create', 'GET', '127.0.0.1', '[]', '2024-09-10 05:22:49', '2024-09-10 05:22:49'),
(635, 1, 'admin/auth/permissions', 'GET', '127.0.0.1', '[]', '2024-09-10 05:22:54', '2024-09-10 05:22:54'),
(636, 1, 'admin/auth/permissions/create', 'GET', '127.0.0.1', '[]', '2024-09-10 05:22:56', '2024-09-10 05:22:56'),
(637, 1, 'admin/auth/permissions', 'POST', '127.0.0.1', '{\"slug\":\"access user\",\"name\":\"access user\",\"http_method\":[\"GET\",\"DELETE\",\"PUT\",\"POST\",\"HEAD\",null],\"search_terms\":null,\"http_path\":null,\"_token\":\"Wn5gNAVMrFzMHpet1K3oOL5QtV6FX7g6wzJIEBjo\"}', '2024-09-10 05:23:57', '2024-09-10 05:23:57'),
(638, 1, 'admin/auth/permissions', 'GET', '127.0.0.1', '[]', '2024-09-10 05:23:58', '2024-09-10 05:23:58'),
(639, 1, 'admin/auth/permissions/7/edit', 'GET', '127.0.0.1', '[]', '2024-09-10 05:24:08', '2024-09-10 05:24:08'),
(640, 1, 'admin/auth/permissions', 'GET', '127.0.0.1', '[]', '2024-09-10 05:24:14', '2024-09-10 05:24:14'),
(641, 1, 'admin/auth/roles', 'GET', '127.0.0.1', '[]', '2024-09-10 05:24:26', '2024-09-10 05:24:26'),
(642, 1, 'admin/auth/roles/2/edit', 'GET', '127.0.0.1', '[]', '2024-09-10 05:24:29', '2024-09-10 05:24:29'),
(643, 1, 'admin/auth/roles/2', 'PUT', '127.0.0.1', '{\"slug\":\"instructor\",\"name\":\"instructor\",\"permissions\":[\"2\",\"3\",\"4\",\"7\",null],\"_token\":\"Wn5gNAVMrFzMHpet1K3oOL5QtV6FX7g6wzJIEBjo\",\"_method\":\"PUT\"}', '2024-09-10 05:24:37', '2024-09-10 05:24:37'),
(644, 1, 'admin/auth/roles', 'GET', '127.0.0.1', '[]', '2024-09-10 05:24:37', '2024-09-10 05:24:37'),
(645, 1, 'admin/auth/logout', 'GET', '127.0.0.1', '[]', '2024-09-10 05:24:46', '2024-09-10 05:24:46'),
(646, 2, 'admin', 'GET', '127.0.0.1', '[]', '2024-09-10 05:24:57', '2024-09-10 05:24:57'),
(647, 2, 'admin/auth/logout', 'GET', '127.0.0.1', '[]', '2024-09-10 05:25:13', '2024-09-10 05:25:13'),
(648, 1, 'admin', 'GET', '127.0.0.1', '[]', '2024-09-10 05:25:21', '2024-09-10 05:25:21'),
(649, 1, 'admin/auth/roles', 'GET', '127.0.0.1', '[]', '2024-09-10 05:25:26', '2024-09-10 05:25:26'),
(650, 1, 'admin/auth/roles/2/edit', 'GET', '127.0.0.1', '[]', '2024-09-10 05:25:30', '2024-09-10 05:25:30'),
(651, 1, 'admin/auth/roles/2', 'PUT', '127.0.0.1', '{\"slug\":\"instructor\",\"name\":\"instructor\",\"permissions\":[\"2\",\"3\",\"7\",null],\"_token\":\"4UZUqyChASmy5zWldP8vmdAygQen27GaPqwzgorn\",\"_method\":\"PUT\"}', '2024-09-10 05:25:49', '2024-09-10 05:25:49'),
(652, 1, 'admin/auth/roles', 'GET', '127.0.0.1', '[]', '2024-09-10 05:25:49', '2024-09-10 05:25:49'),
(653, 1, 'admin/auth/logout', 'GET', '127.0.0.1', '[]', '2024-09-10 05:26:00', '2024-09-10 05:26:00'),
(654, 2, 'admin', 'GET', '127.0.0.1', '[]', '2024-09-10 05:26:11', '2024-09-10 05:26:11'),
(655, 2, 'admin/users', 'GET', '127.0.0.1', '[]', '2024-09-10 05:26:17', '2024-09-10 05:26:17'),
(656, 2, 'admin/categories', 'GET', '127.0.0.1', '[]', '2024-09-10 05:26:20', '2024-09-10 05:26:20'),
(657, 2, 'admin/courses', 'GET', '127.0.0.1', '[]', '2024-09-10 05:26:21', '2024-09-10 05:26:21'),
(658, 2, 'admin/lessons', 'GET', '127.0.0.1', '[]', '2024-09-10 05:26:22', '2024-09-10 05:26:22'),
(659, 2, 'admin/auth/logout', 'GET', '127.0.0.1', '[]', '2024-09-10 05:26:26', '2024-09-10 05:26:26'),
(660, 1, 'admin', 'GET', '127.0.0.1', '[]', '2024-09-10 05:26:35', '2024-09-10 05:26:35'),
(661, 1, 'admin/auth/roles', 'GET', '127.0.0.1', '[]', '2024-09-10 05:26:41', '2024-09-10 05:26:41'),
(662, 1, 'admin/auth/roles/2/edit', 'GET', '127.0.0.1', '[]', '2024-09-10 05:26:48', '2024-09-10 05:26:48'),
(663, 1, 'admin/auth/roles/2', 'PUT', '127.0.0.1', '{\"slug\":\"instructor\",\"name\":\"instructor\",\"permissions\":[\"3\",\"7\",null],\"_token\":\"2hyzjnNEUp1B5AXtCq9Z8cMOF8UsgZ3gs0lS33Wb\",\"_method\":\"PUT\"}', '2024-09-10 05:27:07', '2024-09-10 05:27:07'),
(664, 1, 'admin/auth/roles', 'GET', '127.0.0.1', '[]', '2024-09-10 05:27:07', '2024-09-10 05:27:07'),
(665, 1, 'admin/auth/logout', 'GET', '127.0.0.1', '[]', '2024-09-10 05:27:12', '2024-09-10 05:27:12'),
(666, 2, 'admin', 'GET', '127.0.0.1', '[]', '2024-09-10 05:27:18', '2024-09-10 05:27:18'),
(667, 2, 'admin/auth/logout', 'GET', '127.0.0.1', '[]', '2024-09-10 05:27:36', '2024-09-10 05:27:36'),
(668, 1, 'admin', 'GET', '127.0.0.1', '[]', '2024-09-10 05:27:46', '2024-09-10 05:27:46'),
(669, 1, 'admin/auth/roles', 'GET', '127.0.0.1', '[]', '2024-09-10 05:27:53', '2024-09-10 05:27:53'),
(670, 1, 'admin/auth/roles/2/edit', 'GET', '127.0.0.1', '[]', '2024-09-10 05:27:58', '2024-09-10 05:27:58'),
(671, 1, 'admin/auth/users', 'GET', '127.0.0.1', '[]', '2024-09-10 05:28:27', '2024-09-10 05:28:27'),
(672, 1, 'admin/auth/users/2/edit', 'GET', '127.0.0.1', '[]', '2024-09-10 05:28:33', '2024-09-10 05:28:33'),
(673, 1, 'admin/auth/users/2', 'PUT', '127.0.0.1', '{\"username\":\"instructor\",\"name\":\"instructor\",\"password\":\"*****-filtered-out-*****\",\"password_confirmation\":\"$2y$12$\\/Nmy1guhpkPoNTuYZWO5reOJu7yJlx7U3whIoZgj0cwinMXgRVXIK\",\"roles\":[\"2\",null],\"search_terms\":null,\"permissions\":[null],\"_token\":\"rYvy0TuVdlfVy0a1XwZe7XLfQGw0sLNXd20zuAUk\",\"_method\":\"PUT\"}', '2024-09-10 05:28:44', '2024-09-10 05:28:44'),
(674, 1, 'admin/auth/users', 'GET', '127.0.0.1', '[]', '2024-09-10 05:28:45', '2024-09-10 05:28:45'),
(675, 1, 'admin/auth/logout', 'GET', '127.0.0.1', '[]', '2024-09-10 05:28:51', '2024-09-10 05:28:51'),
(676, 2, 'admin', 'GET', '127.0.0.1', '[]', '2024-09-10 05:29:00', '2024-09-10 05:29:00'),
(677, 2, 'admin', 'GET', '127.0.0.1', '[]', '2024-09-10 05:29:14', '2024-09-10 05:29:14'),
(678, 2, 'admin/auth/logout', 'GET', '127.0.0.1', '[]', '2024-09-10 05:29:18', '2024-09-10 05:29:18'),
(679, 1, 'admin', 'GET', '127.0.0.1', '[]', '2024-09-10 05:29:25', '2024-09-10 05:29:25'),
(680, 1, 'admin/auth/roles', 'GET', '127.0.0.1', '[]', '2024-09-10 05:29:31', '2024-09-10 05:29:31'),
(681, 1, 'admin/auth/roles/2/edit', 'GET', '127.0.0.1', '[]', '2024-09-10 05:29:40', '2024-09-10 05:29:40'),
(682, 1, 'admin/auth/permissions', 'GET', '127.0.0.1', '[]', '2024-09-10 05:29:43', '2024-09-10 05:29:43'),
(683, 1, 'admin/auth/permissions/7', 'DELETE', '127.0.0.1', '{\"_method\":\"delete\",\"_token\":\"ujCLBKm0w0R8UFyVU00KmgtiRqaMyWn8oRzZRc0b\"}', '2024-09-10 05:29:53', '2024-09-10 05:29:53'),
(684, 1, 'admin/auth/permissions', 'GET', '127.0.0.1', '[]', '2024-09-10 05:29:54', '2024-09-10 05:29:54'),
(685, 1, 'admin/auth/logout', 'GET', '127.0.0.1', '[]', '2024-09-10 05:30:06', '2024-09-10 05:30:06'),
(686, 2, 'admin', 'GET', '127.0.0.1', '[]', '2024-09-10 05:30:15', '2024-09-10 05:30:15'),
(687, 2, 'admin', 'GET', '127.0.0.1', '[]', '2024-09-10 05:30:23', '2024-09-10 05:30:23'),
(688, 2, 'admin/users', 'GET', '127.0.0.1', '[]', '2024-09-10 05:30:26', '2024-09-10 05:30:26'),
(689, 2, 'admin/categories', 'GET', '127.0.0.1', '[]', '2024-09-10 05:30:28', '2024-09-10 05:30:28'),
(690, 2, 'admin/courses', 'GET', '127.0.0.1', '[]', '2024-09-10 05:30:30', '2024-09-10 05:30:30'),
(691, 2, 'admin/lessons', 'GET', '127.0.0.1', '[]', '2024-09-10 05:30:31', '2024-09-10 05:30:31'),
(692, 2, 'admin/instructors', 'GET', '127.0.0.1', '[]', '2024-09-10 05:30:32', '2024-09-10 05:30:32'),
(693, 2, 'admin/lesson-types', 'GET', '127.0.0.1', '[]', '2024-09-10 05:30:34', '2024-09-10 05:30:34'),
(694, 2, 'admin/auth/logout', 'GET', '127.0.0.1', '[]', '2024-09-10 05:30:41', '2024-09-10 05:30:41'),
(695, 1, 'admin', 'GET', '127.0.0.1', '[]', '2024-09-10 05:30:45', '2024-09-10 05:30:45'),
(696, 1, 'admin/auth/roles', 'GET', '127.0.0.1', '[]', '2024-09-10 05:30:52', '2024-09-10 05:30:52'),
(697, 1, 'admin/auth/roles/2/edit', 'GET', '127.0.0.1', '[]', '2024-09-10 05:30:58', '2024-09-10 05:30:58'),
(698, 1, 'admin/auth/permissions', 'GET', '127.0.0.1', '[]', '2024-09-10 05:31:10', '2024-09-10 05:31:10'),
(699, 1, 'admin/users', 'GET', '127.0.0.1', '[]', '2024-09-10 05:31:40', '2024-09-10 05:31:40'),
(700, 1, 'admin/users', 'GET', '127.0.0.1', '[]', '2024-09-10 05:31:44', '2024-09-10 05:31:44'),
(701, 1, 'admin/auth/menu', 'GET', '127.0.0.1', '[]', '2024-09-10 05:31:50', '2024-09-10 05:31:50'),
(702, 1, 'admin/users', 'GET', '127.0.0.1', '[]', '2024-09-10 05:32:06', '2024-09-10 05:32:06'),
(703, 1, 'admin/auth/menu', 'GET', '127.0.0.1', '[]', '2024-09-10 05:32:10', '2024-09-10 05:32:10'),
(704, 1, 'admin/auth/menu/17/edit', 'GET', '127.0.0.1', '[]', '2024-09-10 05:32:18', '2024-09-10 05:32:18'),
(705, 1, 'admin/auth/menu', 'GET', '127.0.0.1', '[]', '2024-09-10 05:32:35', '2024-09-10 05:32:35'),
(706, 1, 'admin/auth/permissions', 'GET', '127.0.0.1', '[]', '2024-09-10 05:32:54', '2024-09-10 05:32:54'),
(707, 1, 'admin/auth/permissions/create', 'GET', '127.0.0.1', '[]', '2024-09-10 05:32:57', '2024-09-10 05:32:57'),
(708, 1, 'admin/auth/permissions', 'POST', '127.0.0.1', '{\"slug\":\"can access user\",\"name\":\"can access user\",\"http_method\":[\"GET\",\"HEAD\",\"DELETE\",\"POST\",\"PUT\",null],\"search_terms\":null,\"http_path\":\"http:\\/\\/127.0.0.1:8000\\/admin\\/users\",\"_token\":\"Rcs7tdftr31S31RqbLdmHEgeABx4345aHXYN5P7x\"}', '2024-09-10 05:33:30', '2024-09-10 05:33:30'),
(709, 1, 'admin/auth/permissions', 'GET', '127.0.0.1', '[]', '2024-09-10 05:33:30', '2024-09-10 05:33:30'),
(710, 1, 'admin/auth/roles', 'GET', '127.0.0.1', '[]', '2024-09-10 05:33:47', '2024-09-10 05:33:47'),
(711, 1, 'admin/auth/roles/2/edit', 'GET', '127.0.0.1', '[]', '2024-09-10 05:33:50', '2024-09-10 05:33:50'),
(712, 1, 'admin/auth/roles/2', 'PUT', '127.0.0.1', '{\"slug\":\"instructor\",\"name\":\"instructor\",\"permissions\":[\"3\",\"8\",null],\"_token\":\"Rcs7tdftr31S31RqbLdmHEgeABx4345aHXYN5P7x\",\"_method\":\"PUT\"}', '2024-09-10 05:33:54', '2024-09-10 05:33:54'),
(713, 1, 'admin/auth/roles', 'GET', '127.0.0.1', '[]', '2024-09-10 05:33:55', '2024-09-10 05:33:55'),
(714, 1, 'admin/auth/logout', 'GET', '127.0.0.1', '[]', '2024-09-10 05:34:01', '2024-09-10 05:34:01'),
(715, 2, 'admin', 'GET', '127.0.0.1', '[]', '2024-09-10 05:34:10', '2024-09-10 05:34:10'),
(716, 2, 'admin/users', 'GET', '127.0.0.1', '[]', '2024-09-10 05:34:14', '2024-09-10 05:34:14'),
(717, 2, 'admin/users', 'GET', '127.0.0.1', '[]', '2024-09-10 05:34:15', '2024-09-10 05:34:15'),
(718, 2, 'admin/categories', 'GET', '127.0.0.1', '[]', '2024-09-10 05:34:16', '2024-09-10 05:34:16'),
(719, 2, 'admin', 'GET', '127.0.0.1', '[]', '2024-09-10 05:34:17', '2024-09-10 05:34:17'),
(720, 2, 'admin/auth/logout', 'GET', '127.0.0.1', '[]', '2024-09-10 05:34:25', '2024-09-10 05:34:25'),
(721, 1, 'admin', 'GET', '127.0.0.1', '[]', '2024-09-10 05:34:29', '2024-09-10 05:34:29'),
(722, 1, 'admin/auth/roles', 'GET', '127.0.0.1', '[]', '2024-09-10 05:35:22', '2024-09-10 05:35:22'),
(723, 1, 'admin/auth/roles/2/edit', 'GET', '127.0.0.1', '[]', '2024-09-10 05:35:25', '2024-09-10 05:35:25'),
(724, 1, 'admin/auth/roles/2', 'PUT', '127.0.0.1', '{\"slug\":\"instructor\",\"name\":\"instructor\",\"permissions\":[\"2\",\"3\",\"8\",null],\"_token\":\"JhBIgt9aN5ROJcYr5YYYhUJMcOQFL80f8heGXKS5\",\"_method\":\"PUT\"}', '2024-09-10 05:35:32', '2024-09-10 05:35:32'),
(725, 1, 'admin/auth/roles', 'GET', '127.0.0.1', '[]', '2024-09-10 05:35:32', '2024-09-10 05:35:32'),
(726, 1, 'admin/auth/menu', 'GET', '127.0.0.1', '[]', '2024-09-10 05:35:38', '2024-09-10 05:35:38'),
(727, 1, 'admin/auth/menu', 'POST', '127.0.0.1', '{\"parent_id\":\"17\",\"search_terms\":null,\"title\":\"kjbkb\",\"icon\":\"icon-ad\",\"uri\":null,\"roles\":[\"2\",null],\"permission\":null,\"_token\":\"JhBIgt9aN5ROJcYr5YYYhUJMcOQFL80f8heGXKS5\"}', '2024-09-10 05:36:38', '2024-09-10 05:36:38'),
(728, 1, 'admin/auth/menu', 'GET', '127.0.0.1', '[]', '2024-09-10 05:36:38', '2024-09-10 05:36:38'),
(729, 1, 'admin/auth/roles', 'GET', '127.0.0.1', '[]', '2024-09-10 05:36:51', '2024-09-10 05:36:51'),
(730, 1, 'admin/users', 'GET', '127.0.0.1', '[]', '2024-09-10 05:36:53', '2024-09-10 05:36:53'),
(731, 1, 'admin/users', 'GET', '127.0.0.1', '[]', '2024-09-10 05:36:56', '2024-09-10 05:36:56'),
(732, 1, 'admin/categories', 'GET', '127.0.0.1', '[]', '2024-09-10 05:36:58', '2024-09-10 05:36:58'),
(733, 1, 'admin/categories', 'GET', '127.0.0.1', '[]', '2024-09-10 05:37:00', '2024-09-10 05:37:00'),
(734, 1, 'admin', 'GET', '127.0.0.1', '[]', '2024-09-10 05:37:05', '2024-09-10 05:37:05'),
(735, 1, 'admin', 'GET', '127.0.0.1', '[]', '2024-09-10 05:37:17', '2024-09-10 05:37:17'),
(736, 1, 'admin', 'GET', '127.0.0.1', '[]', '2024-09-10 05:37:18', '2024-09-10 05:37:18'),
(737, 1, 'admin', 'GET', '127.0.0.1', '[]', '2024-09-10 05:37:20', '2024-09-10 05:37:20'),
(738, 1, 'admin/auth/logout', 'GET', '127.0.0.1', '[]', '2024-09-10 05:37:27', '2024-09-10 05:37:27'),
(739, 2, 'admin', 'GET', '127.0.0.1', '[]', '2024-09-10 05:37:37', '2024-09-10 05:37:37'),
(740, 2, 'admin', 'GET', '127.0.0.1', '[]', '2024-09-10 05:37:40', '2024-09-10 05:37:40'),
(741, 2, 'admin', 'GET', '127.0.0.1', '[]', '2024-09-10 05:37:42', '2024-09-10 05:37:42'),
(742, 2, 'admin/categories', 'GET', '127.0.0.1', '[]', '2024-09-10 05:37:44', '2024-09-10 05:37:44'),
(743, 2, 'admin', 'GET', '127.0.0.1', '[]', '2024-09-10 05:37:47', '2024-09-10 05:37:47'),
(744, 2, 'admin/categories', 'GET', '127.0.0.1', '[]', '2024-09-10 05:37:52', '2024-09-10 05:37:52'),
(745, 2, 'admin/courses', 'GET', '127.0.0.1', '[]', '2024-09-10 05:37:55', '2024-09-10 05:37:55'),
(746, 2, 'admin/lessons', 'GET', '127.0.0.1', '[]', '2024-09-10 05:37:56', '2024-09-10 05:37:56'),
(747, 2, 'admin/instructors', 'GET', '127.0.0.1', '[]', '2024-09-10 05:37:57', '2024-09-10 05:37:57'),
(748, 2, 'admin', 'GET', '127.0.0.1', '[]', '2024-09-10 05:38:00', '2024-09-10 05:38:00'),
(749, 2, 'admin/auth/logout', 'GET', '127.0.0.1', '[]', '2024-09-10 05:38:08', '2024-09-10 05:38:08'),
(750, 1, 'admin', 'GET', '127.0.0.1', '[]', '2024-09-10 05:38:14', '2024-09-10 05:38:14'),
(751, 1, 'admin/auth/menu', 'GET', '127.0.0.1', '[]', '2024-09-10 05:38:18', '2024-09-10 05:38:18'),
(752, 1, 'admin/auth/menu/25', 'DELETE', '127.0.0.1', '{\"_method\":\"delete\",\"_token\":\"G20S7LURMjnt6I0Snlz8rzjs0qAxg48MBonVzz8t\"}', '2024-09-10 05:38:27', '2024-09-10 05:38:27'),
(753, 1, 'admin/auth/menu', 'GET', '127.0.0.1', '[]', '2024-09-10 05:38:27', '2024-09-10 05:38:27'),
(754, 1, 'admin/auth/menu', 'GET', '127.0.0.1', '[]', '2024-09-10 05:39:33', '2024-09-10 05:39:33'),
(755, 1, 'admin/auth/menu', 'POST', '127.0.0.1', '{\"_order\":\"[{\\\"id\\\":\\\"1\\\"},{\\\"id\\\":\\\"2\\\",\\\"children\\\":[{\\\"id\\\":\\\"3\\\"},{\\\"id\\\":\\\"4\\\"},{\\\"id\\\":\\\"5\\\"},{\\\"id\\\":\\\"6\\\"},{\\\"id\\\":\\\"7\\\"}]},{\\\"id\\\":\\\"17\\\"},{\\\"id\\\":\\\"19\\\"},{\\\"id\\\":\\\"20\\\"},{\\\"id\\\":\\\"22\\\"},{\\\"id\\\":\\\"23\\\"},{\\\"id\\\":\\\"24\\\"},{\\\"id\\\":\\\"8\\\",\\\"children\\\":[{\\\"id\\\":\\\"9\\\"},{\\\"id\\\":\\\"10\\\"},{\\\"id\\\":\\\"11\\\"},{\\\"id\\\":\\\"12\\\"}]}]\",\"_token\":\"G20S7LURMjnt6I0Snlz8rzjs0qAxg48MBonVzz8t\"}', '2024-09-10 05:39:45', '2024-09-10 05:39:45'),
(756, 1, 'admin/auth/menu', 'GET', '127.0.0.1', '[]', '2024-09-10 05:39:45', '2024-09-10 05:39:45'),
(757, 1, 'admin', 'GET', '127.0.0.1', '[]', '2024-09-10 08:04:13', '2024-09-10 08:04:13'),
(758, 1, 'admin/categories', 'GET', '127.0.0.1', '[]', '2024-09-10 08:04:35', '2024-09-10 08:04:35'),
(759, 1, 'admin/helpers/scaffold', 'GET', '127.0.0.1', '[]', '2024-09-10 08:04:45', '2024-09-10 08:04:45'),
(760, 1, 'admin/auth/menu', 'GET', '127.0.0.1', '[]', '2024-09-10 08:04:53', '2024-09-10 08:04:53'),
(761, 1, 'admin/auth/menu/19/edit', 'GET', '127.0.0.1', '[]', '2024-09-10 08:05:01', '2024-09-10 08:05:01'),
(762, 1, 'admin/auth/menu/19', 'PUT', '127.0.0.1', '{\"parent_id\":\"0\",\"search_terms\":null,\"title\":\"Department\",\"icon\":\"icon-th-list\",\"uri\":\"categories\",\"roles\":[null],\"permission\":null,\"_token\":\"1ncqwmKtcEzCBXAKdLy5GAFdeML2DhwJEmQfVnHv\",\"_method\":\"PUT\"}', '2024-09-10 08:05:39', '2024-09-10 08:05:39'),
(763, 1, 'admin/auth/menu', 'GET', '127.0.0.1', '[]', '2024-09-10 08:05:40', '2024-09-10 08:05:40'),
(764, 1, 'admin/auth/menu', 'GET', '127.0.0.1', '[]', '2024-09-10 08:05:44', '2024-09-10 08:05:44'),
(765, 1, 'admin/categories', 'GET', '127.0.0.1', '[]', '2024-09-10 08:05:47', '2024-09-10 08:05:47'),
(766, 1, 'admin/auth/menu', 'GET', '127.0.0.1', '[]', '2024-09-10 08:06:01', '2024-09-10 08:06:01'),
(767, 1, 'admin/auth/menu/19/edit', 'GET', '127.0.0.1', '[]', '2024-09-10 08:06:06', '2024-09-10 08:06:06'),
(768, 1, 'admin/auth/menu/19', 'PUT', '127.0.0.1', '{\"parent_id\":\"0\",\"search_terms\":null,\"title\":\"Department\",\"icon\":\"icon-th-list\",\"uri\":\"department\",\"roles\":[null],\"permission\":null,\"_token\":\"1ncqwmKtcEzCBXAKdLy5GAFdeML2DhwJEmQfVnHv\",\"_method\":\"PUT\"}', '2024-09-10 08:06:17', '2024-09-10 08:06:17'),
(769, 1, 'admin/auth/menu', 'GET', '127.0.0.1', '[]', '2024-09-10 08:06:18', '2024-09-10 08:06:18'),
(770, 1, 'admin/categories', 'GET', '127.0.0.1', '[]', '2024-09-10 08:06:21', '2024-09-10 08:06:21'),
(771, 1, 'admin/categories/create', 'GET', '127.0.0.1', '[]', '2024-09-10 08:06:25', '2024-09-10 08:06:25'),
(772, 1, 'admin/categories', 'POST', '127.0.0.1', '{\"name\":\"mech\",\"description\":\"mechanical\",\"_token\":\"1ncqwmKtcEzCBXAKdLy5GAFdeML2DhwJEmQfVnHv\"}', '2024-09-10 08:06:49', '2024-09-10 08:06:49'),
(773, 1, 'admin/categories', 'GET', '127.0.0.1', '[]', '2024-09-10 08:06:49', '2024-09-10 08:06:49'),
(774, 1, 'admin/categories/2', 'GET', '127.0.0.1', '[]', '2024-09-10 08:06:56', '2024-09-10 08:06:56'),
(775, 1, 'admin/categories/2', 'DELETE', '127.0.0.1', '{\"_method\":\"delete\",\"_token\":\"1ncqwmKtcEzCBXAKdLy5GAFdeML2DhwJEmQfVnHv\"}', '2024-09-10 08:07:01', '2024-09-10 08:07:01'),
(776, 1, 'admin/categories', 'GET', '127.0.0.1', '[]', '2024-09-10 08:07:02', '2024-09-10 08:07:02'),
(777, 1, 'admin/categories', 'GET', '127.0.0.1', '[]', '2024-09-10 08:08:03', '2024-09-10 08:08:03'),
(778, 1, 'admin/categories/create', 'GET', '127.0.0.1', '[]', '2024-09-10 08:08:08', '2024-09-10 08:08:08'),
(779, 1, 'admin/categories', 'GET', '127.0.0.1', '[]', '2024-09-10 08:08:15', '2024-09-10 08:08:15'),
(780, 1, 'admin/categories', 'GET', '127.0.0.1', '[]', '2024-09-10 08:08:27', '2024-09-10 08:08:27'),
(781, 1, 'admin/auth/menu', 'GET', '127.0.0.1', '[]', '2024-09-10 08:09:19', '2024-09-10 08:09:19'),
(782, 1, 'admin/auth/menu/19/edit', 'GET', '127.0.0.1', '[]', '2024-09-10 08:09:24', '2024-09-10 08:09:24'),
(783, 1, 'admin/auth/menu/19', 'PUT', '127.0.0.1', '{\"parent_id\":\"0\",\"search_terms\":null,\"title\":\"Department\",\"icon\":\"icon-th-list\",\"uri\":\"categories\",\"roles\":[null],\"permission\":null,\"_token\":\"1ncqwmKtcEzCBXAKdLy5GAFdeML2DhwJEmQfVnHv\",\"_method\":\"PUT\"}', '2024-09-10 08:09:34', '2024-09-10 08:09:34'),
(784, 1, 'admin/auth/menu', 'GET', '127.0.0.1', '[]', '2024-09-10 08:09:34', '2024-09-10 08:09:34'),
(785, 1, 'admin/auth/menu', 'GET', '127.0.0.1', '[]', '2024-09-10 08:09:50', '2024-09-10 08:09:50'),
(786, 1, 'admin/auth/menu/19/edit', 'GET', '127.0.0.1', '[]', '2024-09-10 08:09:59', '2024-09-10 08:09:59');
INSERT INTO `admin_operation_log` (`id`, `user_id`, `path`, `method`, `ip`, `input`, `created_at`, `updated_at`) VALUES
(787, 1, 'admin/auth/menu/19', 'PUT', '127.0.0.1', '{\"parent_id\":\"0\",\"search_terms\":null,\"title\":\"Categories\",\"icon\":\"icon-th-list\",\"uri\":\"categories\",\"roles\":[null],\"permission\":null,\"_token\":\"1ncqwmKtcEzCBXAKdLy5GAFdeML2DhwJEmQfVnHv\",\"_method\":\"PUT\"}', '2024-09-10 08:10:13', '2024-09-10 08:10:13'),
(788, 1, 'admin/auth/menu', 'GET', '127.0.0.1', '[]', '2024-09-10 08:10:13', '2024-09-10 08:10:13'),
(789, 1, 'admin/auth/menu', 'GET', '127.0.0.1', '[]', '2024-09-10 08:10:16', '2024-09-10 08:10:16'),
(790, 1, 'admin/categories', 'GET', '127.0.0.1', '[]', '2024-09-10 08:10:21', '2024-09-10 08:10:21'),
(791, 1, 'admin/categories', 'GET', '127.0.0.1', '[]', '2024-09-10 08:10:24', '2024-09-10 08:10:24'),
(792, 1, 'admin/auth/menu', 'GET', '127.0.0.1', '[]', '2024-09-10 08:10:27', '2024-09-10 08:10:27'),
(793, 1, 'admin/auth/menu/19/edit', 'GET', '127.0.0.1', '[]', '2024-09-10 08:10:31', '2024-09-10 08:10:31'),
(794, 1, 'admin/auth/menu/19', 'PUT', '127.0.0.1', '{\"parent_id\":\"0\",\"search_terms\":null,\"title\":\"Department\",\"icon\":\"icon-th-list\",\"uri\":\"categories\",\"roles\":[null],\"permission\":null,\"_token\":\"1ncqwmKtcEzCBXAKdLy5GAFdeML2DhwJEmQfVnHv\",\"_method\":\"PUT\"}', '2024-09-10 08:10:35', '2024-09-10 08:10:35'),
(795, 1, 'admin/auth/menu/19', 'PUT', '127.0.0.1', '{\"parent_id\":\"0\",\"search_terms\":null,\"title\":\"Department\",\"icon\":\"icon-th-list\",\"uri\":\"categories\",\"roles\":[null],\"permission\":null,\"_token\":\"1ncqwmKtcEzCBXAKdLy5GAFdeML2DhwJEmQfVnHv\",\"_method\":\"PUT\"}', '2024-09-10 08:10:36', '2024-09-10 08:10:36'),
(796, 1, 'admin/auth/menu', 'GET', '127.0.0.1', '[]', '2024-09-10 08:10:36', '2024-09-10 08:10:36'),
(797, 1, 'admin/auth/menu', 'GET', '127.0.0.1', '[]', '2024-09-10 08:10:37', '2024-09-10 08:10:37'),
(798, 1, 'admin/categories', 'GET', '127.0.0.1', '[]', '2024-09-10 08:10:51', '2024-09-10 08:10:51'),
(799, 1, 'admin/categories', 'GET', '127.0.0.1', '[]', '2024-09-10 08:10:56', '2024-09-10 08:10:56'),
(800, 1, 'admin/categories', 'GET', '127.0.0.1', '[]', '2024-09-10 08:11:03', '2024-09-10 08:11:03'),
(801, 1, 'admin', 'GET', '127.0.0.1', '[]', '2024-09-10 08:11:49', '2024-09-10 08:11:49'),
(802, 1, 'admin', 'GET', '127.0.0.1', '[]', '2024-09-10 08:19:56', '2024-09-10 08:19:56'),
(803, 1, 'admin/users', 'GET', '127.0.0.1', '[]', '2024-09-10 08:20:08', '2024-09-10 08:20:08'),
(804, 1, 'admin/users', 'GET', '127.0.0.1', '[]', '2024-09-10 08:20:22', '2024-09-10 08:20:22'),
(805, 1, 'admin/categories', 'GET', '127.0.0.1', '[]', '2024-09-10 08:20:23', '2024-09-10 08:20:23'),
(806, 1, 'admin/courses', 'GET', '127.0.0.1', '[]', '2024-09-10 08:20:25', '2024-09-10 08:20:25'),
(807, 1, 'admin/lessons', 'GET', '127.0.0.1', '[]', '2024-09-10 08:20:26', '2024-09-10 08:20:26'),
(808, 1, 'admin/instructors', 'GET', '127.0.0.1', '[]', '2024-09-10 08:20:28', '2024-09-10 08:20:28'),
(809, 1, 'admin/lesson-types', 'GET', '127.0.0.1', '[]', '2024-09-10 08:20:35', '2024-09-10 08:20:35'),
(810, 1, 'admin/auth/menu', 'GET', '127.0.0.1', '[]', '2024-09-10 08:38:43', '2024-09-10 08:38:43'),
(811, 1, 'admin/instructors', 'GET', '127.0.0.1', '[]', '2024-09-10 08:38:51', '2024-09-10 08:38:51'),
(812, 1, 'admin/instructors/create', 'GET', '127.0.0.1', '[]', '2024-09-10 08:38:56', '2024-09-10 08:38:56'),
(813, 1, 'admin/instructors/create', 'GET', '127.0.0.1', '[]', '2024-09-10 08:39:57', '2024-09-10 08:39:57'),
(814, 1, 'admin/instructors', 'GET', '127.0.0.1', '[]', '2024-09-10 08:40:18', '2024-09-10 08:40:18'),
(815, 1, 'admin/auth/logout', 'GET', '127.0.0.1', '[]', '2024-09-10 08:50:53', '2024-09-10 08:50:53'),
(816, 2, 'admin', 'GET', '127.0.0.1', '[]', '2024-09-10 08:51:02', '2024-09-10 08:51:02'),
(817, 2, 'admin/lessons', 'GET', '127.0.0.1', '[]', '2024-09-10 08:51:10', '2024-09-10 08:51:10'),
(818, 2, 'admin/courses', 'GET', '127.0.0.1', '[]', '2024-09-10 08:51:16', '2024-09-10 08:51:16'),
(819, 1, 'admin', 'GET', '127.0.0.1', '[]', '2024-09-10 08:51:35', '2024-09-10 08:51:35'),
(820, 1, 'admin/auth/permissions', 'GET', '127.0.0.1', '[]', '2024-09-10 08:51:42', '2024-09-10 08:51:42'),
(821, 1, 'admin/instructors', 'GET', '127.0.0.1', '[]', '2024-09-10 08:51:51', '2024-09-10 08:51:51'),
(822, 1, 'admin/instructors/2/edit', 'GET', '127.0.0.1', '[]', '2024-09-10 08:51:56', '2024-09-10 08:51:56'),
(823, 1, 'admin/users', 'GET', '127.0.0.1', '[]', '2024-09-10 08:52:02', '2024-09-10 08:52:02'),
(824, 1, 'admin/auth/roles', 'GET', '127.0.0.1', '[]', '2024-09-10 08:52:08', '2024-09-10 08:52:08'),
(825, 1, 'admin/auth/roles/2/edit', 'GET', '127.0.0.1', '[]', '2024-09-10 08:52:12', '2024-09-10 08:52:12'),
(826, 1, 'admin/auth/roles', 'GET', '127.0.0.1', '[]', '2024-09-10 08:52:15', '2024-09-10 08:52:15'),
(827, 1, 'admin/auth/roles/2/edit', 'GET', '127.0.0.1', '[]', '2024-09-10 08:52:23', '2024-09-10 08:52:23'),
(828, 1, 'admin/auth/roles/2', 'PUT', '127.0.0.1', '{\"slug\":\"instructor\",\"name\":\"instructor\",\"permissions\":[\"2\",\"3\",\"5\",\"8\",null],\"_token\":\"eZtkh1NLO6pKn9zYy564Ng1T5aJzFvnqEuwmg9He\",\"_method\":\"PUT\"}', '2024-09-10 08:52:36', '2024-09-10 08:52:36'),
(829, 1, 'admin/auth/roles', 'GET', '127.0.0.1', '[]', '2024-09-10 08:52:36', '2024-09-10 08:52:36'),
(830, 2, 'admin/courses', 'GET', '127.0.0.1', '[]', '2024-09-10 08:52:39', '2024-09-10 08:52:39'),
(831, 2, 'admin/lessons', 'GET', '127.0.0.1', '[]', '2024-09-10 08:52:42', '2024-09-10 08:52:42'),
(832, 2, 'admin/categories', 'GET', '127.0.0.1', '[]', '2024-09-10 08:52:44', '2024-09-10 08:52:44'),
(833, 1, 'admin/auth/roles/2/edit', 'GET', '127.0.0.1', '[]', '2024-09-10 08:52:49', '2024-09-10 08:52:49'),
(834, 1, 'admin/auth/roles/2', 'PUT', '127.0.0.1', '{\"slug\":\"instructor\",\"name\":\"instructor\",\"permissions\":[\"2\",\"3\",\"5\",\"6\",null],\"_token\":\"eZtkh1NLO6pKn9zYy564Ng1T5aJzFvnqEuwmg9He\",\"_method\":\"PUT\"}', '2024-09-10 08:52:56', '2024-09-10 08:52:56'),
(835, 1, 'admin/auth/roles', 'GET', '127.0.0.1', '[]', '2024-09-10 08:52:56', '2024-09-10 08:52:56'),
(836, 2, 'admin/categories', 'GET', '127.0.0.1', '[]', '2024-09-10 08:52:58', '2024-09-10 08:52:58'),
(837, 1, 'admin/auth/roles/2/edit', 'GET', '127.0.0.1', '[]', '2024-09-10 08:53:03', '2024-09-10 08:53:03'),
(838, 1, 'admin/auth/roles/2', 'PUT', '127.0.0.1', '{\"slug\":\"instructor\",\"name\":\"instructor\",\"permissions\":[\"2\",\"3\",\"4\",\"5\",null],\"_token\":\"eZtkh1NLO6pKn9zYy564Ng1T5aJzFvnqEuwmg9He\",\"_method\":\"PUT\"}', '2024-09-10 08:53:09', '2024-09-10 08:53:09'),
(839, 1, 'admin/auth/roles', 'GET', '127.0.0.1', '[]', '2024-09-10 08:53:09', '2024-09-10 08:53:09'),
(840, 2, 'admin/categories', 'GET', '127.0.0.1', '[]', '2024-09-10 08:53:11', '2024-09-10 08:53:11'),
(841, 1, 'admin/auth/roles/2/edit', 'GET', '127.0.0.1', '[]', '2024-09-10 08:53:16', '2024-09-10 08:53:16'),
(842, 1, 'admin/auth/roles/2', 'PUT', '127.0.0.1', '{\"slug\":\"instructor\",\"name\":\"instructor\",\"permissions\":[\"1\",null],\"_token\":\"eZtkh1NLO6pKn9zYy564Ng1T5aJzFvnqEuwmg9He\",\"_method\":\"PUT\"}', '2024-09-10 08:53:27', '2024-09-10 08:53:27'),
(843, 1, 'admin/auth/roles', 'GET', '127.0.0.1', '[]', '2024-09-10 08:53:27', '2024-09-10 08:53:27'),
(844, 2, 'admin/categories', 'GET', '127.0.0.1', '[]', '2024-09-10 08:53:30', '2024-09-10 08:53:30'),
(845, 2, 'admin/lessons', 'GET', '127.0.0.1', '[]', '2024-09-10 08:53:56', '2024-09-10 08:53:56'),
(846, 2, 'admin/courses', 'GET', '127.0.0.1', '[]', '2024-09-10 08:56:03', '2024-09-10 08:56:03'),
(847, 2, 'admin/courses/5/edit', 'GET', '127.0.0.1', '[]', '2024-09-10 08:56:09', '2024-09-10 08:56:09'),
(848, 2, 'admin/courses/5', 'PUT', '127.0.0.1', '{\"name\":\"Web Design\",\"user_id\":\"4\",\"search_terms\":null,\"title\":\"Web\",\"description\":\"Learn\",\"price\":\"20000.00\",\"categories_id\":\"1\",\"language\":\"Html\",\"_token\":\"1B6bkBfsqFmD7icbsbMQ2sTYza1uUTAvuRMktdNz\",\"_method\":\"PUT\"}', '2024-09-10 08:56:24', '2024-09-10 08:56:24'),
(849, 2, 'admin/courses/5/edit', 'GET', '127.0.0.1', '[]', '2024-09-10 08:56:25', '2024-09-10 08:56:25'),
(850, 2, 'admin/courses/5', 'PUT', '127.0.0.1', '{\"name\":\"Web Design\",\"user_id\":\"7\",\"search_terms\":null,\"title\":\"Web\",\"description\":\"Learn\",\"price\":\"20000.00\",\"categories_id\":\"1\",\"language\":\"Html\",\"_token\":\"1B6bkBfsqFmD7icbsbMQ2sTYza1uUTAvuRMktdNz\",\"_method\":\"PUT\"}', '2024-09-10 08:56:40', '2024-09-10 08:56:40'),
(851, 2, 'admin/courses/5/edit', 'GET', '127.0.0.1', '[]', '2024-09-10 08:56:41', '2024-09-10 08:56:41'),
(852, 2, 'admin/courses/5', 'PUT', '127.0.0.1', '{\"name\":\"Web Design\",\"user_id\":\"7\",\"search_terms\":null,\"title\":\"Web\",\"description\":\"Learn\",\"price\":\"20000.00\",\"categories_id\":\"1\",\"language\":\"Html\",\"_token\":\"1B6bkBfsqFmD7icbsbMQ2sTYza1uUTAvuRMktdNz\",\"_method\":\"PUT\"}', '2024-09-10 08:56:44', '2024-09-10 08:56:44'),
(853, 2, 'admin/courses/5/edit', 'GET', '127.0.0.1', '[]', '2024-09-10 08:56:45', '2024-09-10 08:56:45'),
(854, 2, 'admin/courses/5/edit', 'GET', '127.0.0.1', '[]', '2024-09-10 08:59:03', '2024-09-10 08:59:03'),
(855, 2, 'admin/courses/5', 'PUT', '127.0.0.1', '{\"name\":\"Web Design\",\"user_id\":\"4\",\"search_terms\":null,\"title\":\"Web\",\"description\":\"Learn\",\"price\":\"20000.00\",\"categories_id\":\"1\",\"language\":\"Html\",\"_token\":\"1B6bkBfsqFmD7icbsbMQ2sTYza1uUTAvuRMktdNz\",\"_method\":\"PUT\"}', '2024-09-10 08:59:13', '2024-09-10 08:59:13'),
(856, 2, 'admin/courses/5/edit', 'GET', '127.0.0.1', '[]', '2024-09-10 08:59:13', '2024-09-10 08:59:13'),
(857, 2, 'admin/courses/5/edit', 'GET', '127.0.0.1', '[]', '2024-09-10 08:59:54', '2024-09-10 08:59:54'),
(858, 2, 'admin/courses/5', 'PUT', '127.0.0.1', '{\"name\":\"Web Design\",\"instructor_id\":\"4\",\"search_terms\":null,\"title\":\"Web\",\"description\":\"Learn\",\"price\":\"20000.00\",\"categories_id\":\"1\",\"language\":\"Html\",\"_token\":\"1B6bkBfsqFmD7icbsbMQ2sTYza1uUTAvuRMktdNz\",\"_method\":\"PUT\"}', '2024-09-10 08:59:59', '2024-09-10 08:59:59'),
(859, 2, 'admin/courses', 'GET', '127.0.0.1', '[]', '2024-09-10 09:00:00', '2024-09-10 09:00:00'),
(860, 2, 'admin/lesson-types', 'GET', '127.0.0.1', '[]', '2024-09-10 09:07:07', '2024-09-10 09:07:07'),
(861, 2, 'admin/lesson-types/create', 'GET', '127.0.0.1', '[]', '2024-09-10 09:07:13', '2024-09-10 09:07:13'),
(862, 2, 'admin/lesson-types/create', 'GET', '127.0.0.1', '[]', '2024-09-10 09:10:42', '2024-09-10 09:10:42'),
(863, 2, 'admin/lesson-types', 'POST', '127.0.0.1', '{\"lesson_id\":\"1\",\"search_terms\":null,\"_token\":\"1B6bkBfsqFmD7icbsbMQ2sTYza1uUTAvuRMktdNz\"}', '2024-09-10 09:11:22', '2024-09-10 09:11:22'),
(864, 2, 'admin/lesson-types/create', 'GET', '127.0.0.1', '[]', '2024-09-10 09:11:24', '2024-09-10 09:11:24'),
(865, 2, 'admin/lesson-types/create', 'GET', '127.0.0.1', '[]', '2024-09-10 09:13:27', '2024-09-10 09:13:27'),
(866, 2, 'admin/lesson-types/create', 'GET', '127.0.0.1', '[]', '2024-09-10 09:13:37', '2024-09-10 09:13:37'),
(867, 2, 'admin/lesson-types', 'POST', '127.0.0.1', '{\"lesson_id\":\"1\",\"search_terms\":null,\"_token\":\"1B6bkBfsqFmD7icbsbMQ2sTYza1uUTAvuRMktdNz\"}', '2024-09-10 09:13:52', '2024-09-10 09:13:52'),
(868, 2, 'admin/lesson-types', 'GET', '127.0.0.1', '[]', '2024-09-10 09:13:53', '2024-09-10 09:13:53'),
(869, 2, 'admin/lesson-types', 'GET', '127.0.0.1', '[]', '2024-09-10 09:22:06', '2024-09-10 09:22:06'),
(870, 2, 'admin/lesson-types', 'GET', '127.0.0.1', '[]', '2024-09-10 09:22:12', '2024-09-10 09:22:12'),
(871, 2, 'admin/lesson-types', 'GET', '127.0.0.1', '[]', '2024-09-10 09:22:16', '2024-09-10 09:22:16'),
(872, 2, 'admin/lesson-types', 'GET', '127.0.0.1', '[]', '2024-09-10 09:22:19', '2024-09-10 09:22:19'),
(873, 2, 'admin', 'GET', '127.0.0.1', '[]', '2024-09-10 09:22:23', '2024-09-10 09:22:23'),
(874, 2, 'admin/lesson-types', 'GET', '127.0.0.1', '[]', '2024-09-10 09:22:26', '2024-09-10 09:22:26'),
(875, 2, 'admin/lesson-types', 'GET', '127.0.0.1', '[]', '2024-09-10 09:23:18', '2024-09-10 09:23:18'),
(876, 2, 'admin/auth/logout', 'GET', '127.0.0.1', '[]', '2024-09-10 09:25:42', '2024-09-10 09:25:42'),
(877, 2, 'admin', 'GET', '127.0.0.1', '[]', '2024-09-10 09:25:56', '2024-09-10 09:25:56'),
(878, 2, 'admin/lesson-types', 'GET', '127.0.0.1', '[]', '2024-09-10 09:26:09', '2024-09-10 09:26:09'),
(879, 2, 'admin/lesson-types', 'GET', '127.0.0.1', '[]', '2024-09-10 09:27:26', '2024-09-10 09:27:26'),
(880, 1, 'admin/lesson-types', 'GET', '127.0.0.1', '[]', '2024-09-10 09:28:08', '2024-09-10 09:28:08'),
(881, 2, 'admin', 'GET', '127.0.0.1', '[]', '2024-09-10 09:28:52', '2024-09-10 09:28:52'),
(882, 2, 'admin/lesson-types', 'GET', '127.0.0.1', '[]', '2024-09-10 09:28:58', '2024-09-10 09:28:58'),
(883, 2, 'admin/instructors', 'GET', '127.0.0.1', '[]', '2024-09-10 09:29:01', '2024-09-10 09:29:01'),
(884, 2, 'admin/instructors', 'GET', '127.0.0.1', '{\"_export_\":\"all\"}', '2024-09-10 09:29:26', '2024-09-10 09:29:26'),
(885, 2, 'admin/categories', 'GET', '127.0.0.1', '[]', '2024-09-10 09:29:33', '2024-09-10 09:29:33'),
(886, 2, 'admin/instructors', 'GET', '127.0.0.1', '[]', '2024-09-10 09:29:43', '2024-09-10 09:29:43'),
(887, 2, 'admin/instructors', 'GET', '127.0.0.1', '[]', '2024-09-10 09:30:02', '2024-09-10 09:30:02'),
(888, 2, 'admin/lesson-types', 'GET', '127.0.0.1', '[]', '2024-09-10 09:35:45', '2024-09-10 09:35:45'),
(889, 2, 'admin/instructors', 'GET', '127.0.0.1', '[]', '2024-09-10 09:35:50', '2024-09-10 09:35:50'),
(890, 2, 'admin/instructors/create', 'GET', '127.0.0.1', '[]', '2024-09-10 09:35:56', '2024-09-10 09:35:56'),
(891, 2, 'admin/instructors/create', 'GET', '127.0.0.1', '[]', '2024-09-10 09:36:46', '2024-09-10 09:36:46'),
(892, 2, 'admin/instructors', 'GET', '127.0.0.1', '[]', '2024-09-10 09:37:03', '2024-09-10 09:37:03'),
(893, 2, 'admin/lesson-types', 'GET', '127.0.0.1', '[]', '2024-09-10 10:33:37', '2024-09-10 10:33:37'),
(894, 2, 'admin/lesson-types', 'GET', '127.0.0.1', '[]', '2024-09-10 10:35:31', '2024-09-10 10:35:31'),
(895, 2, 'admin/lesson-types', 'GET', '127.0.0.1', '[]', '2024-09-10 10:39:25', '2024-09-10 10:39:25'),
(896, 2, 'admin/lesson-types', 'GET', '127.0.0.1', '[]', '2024-09-10 10:39:30', '2024-09-10 10:39:30'),
(897, 2, 'admin', 'GET', '127.0.0.1', '[]', '2024-09-10 10:39:33', '2024-09-10 10:39:33'),
(898, 2, 'admin', 'GET', '127.0.0.1', '[]', '2024-09-10 10:39:49', '2024-09-10 10:39:49'),
(899, 2, 'admin', 'GET', '127.0.0.1', '[]', '2024-09-10 10:55:33', '2024-09-10 10:55:33'),
(900, 2, 'admin', 'GET', '127.0.0.1', '[]', '2024-09-10 10:56:18', '2024-09-10 10:56:18'),
(901, 2, 'admin/users', 'GET', '127.0.0.1', '[]', '2024-09-10 11:00:17', '2024-09-10 11:00:17'),
(902, 2, 'admin/users/create', 'GET', '127.0.0.1', '[]', '2024-09-10 11:00:20', '2024-09-10 11:00:20'),
(903, 2, 'admin/users/create', 'GET', '127.0.0.1', '[]', '2024-09-10 11:00:31', '2024-09-10 11:00:31'),
(904, 2, 'admin/instructors', 'GET', '127.0.0.1', '[]', '2024-09-10 11:00:42', '2024-09-10 11:00:42'),
(905, 2, 'admin/instructors/create', 'GET', '127.0.0.1', '[]', '2024-09-10 11:00:44', '2024-09-10 11:00:44'),
(906, 2, 'admin/lessons', 'GET', '127.0.0.1', '[]', '2024-09-10 11:04:25', '2024-09-10 11:04:25'),
(907, 2, 'admin/lessons/create', 'GET', '127.0.0.1', '[]', '2024-09-10 11:04:28', '2024-09-10 11:04:28'),
(908, 2, 'admin/instructors', 'GET', '127.0.0.1', '[]', '2024-09-10 11:04:40', '2024-09-10 11:04:40'),
(909, 2, 'admin/instructors/create', 'GET', '127.0.0.1', '[]', '2024-09-10 11:04:41', '2024-09-10 11:04:41'),
(910, 2, 'admin/lesson-types', 'GET', '127.0.0.1', '[]', '2024-09-10 11:05:08', '2024-09-10 11:05:08'),
(911, 2, 'admin/lesson-types', 'GET', '127.0.0.1', '[]', '2024-09-10 11:53:13', '2024-09-10 11:53:13'),
(912, 2, 'admin/lesson-types', 'GET', '127.0.0.1', '[]', '2024-09-10 11:55:07', '2024-09-10 11:55:07'),
(913, 2, 'admin/lesson-types', 'GET', '127.0.0.1', '[]', '2024-09-10 12:00:31', '2024-09-10 12:00:31'),
(914, 2, 'admin/lesson-types', 'GET', '127.0.0.1', '[]', '2024-09-10 12:00:49', '2024-09-10 12:00:49'),
(915, 2, 'admin/lesson-types', 'GET', '127.0.0.1', '[]', '2024-09-10 12:00:59', '2024-09-10 12:00:59'),
(916, 2, 'admin/lesson-types', 'GET', '127.0.0.1', '[]', '2024-09-10 12:01:53', '2024-09-10 12:01:53'),
(917, 2, 'admin/lesson-types', 'GET', '127.0.0.1', '[]', '2024-09-10 12:02:35', '2024-09-10 12:02:35'),
(918, 2, 'admin/lesson-types', 'GET', '127.0.0.1', '[]', '2024-09-10 12:04:22', '2024-09-10 12:04:22'),
(919, 2, 'admin/lesson-types', 'GET', '127.0.0.1', '[]', '2024-09-10 12:04:38', '2024-09-10 12:04:38'),
(920, 2, 'admin/lesson-types', 'GET', '127.0.0.1', '[]', '2024-09-10 12:11:12', '2024-09-10 12:11:12'),
(921, 2, 'admin/lesson-types', 'GET', '127.0.0.1', '[]', '2024-09-10 12:11:27', '2024-09-10 12:11:27'),
(922, 2, 'admin/lesson-types', 'GET', '127.0.0.1', '[]', '2024-09-10 12:12:30', '2024-09-10 12:12:30'),
(923, 2, 'admin/lesson-types', 'GET', '127.0.0.1', '[]', '2024-09-10 12:14:50', '2024-09-10 12:14:50'),
(924, 2, 'admin/lesson-types/1/edit', 'GET', '127.0.0.1', '[]', '2024-09-10 12:15:00', '2024-09-10 12:15:00'),
(925, 2, 'admin/lesson-types', 'GET', '127.0.0.1', '[]', '2024-09-10 12:15:07', '2024-09-10 12:15:07'),
(926, 2, 'admin/lesson-types/1/edit', 'GET', '127.0.0.1', '[]', '2024-09-10 12:15:09', '2024-09-10 12:15:09'),
(927, 2, 'admin/lesson-types', 'GET', '127.0.0.1', '[]', '2024-09-10 12:15:11', '2024-09-10 12:15:11'),
(928, 2, 'admin/lesson-types', 'GET', '127.0.0.1', '[]', '2024-09-10 12:15:48', '2024-09-10 12:15:48'),
(929, 2, 'admin/lesson-types', 'GET', '127.0.0.1', '[]', '2024-09-10 12:16:03', '2024-09-10 12:16:03'),
(930, 2, 'admin/lesson-types', 'GET', '127.0.0.1', '[]', '2024-09-10 12:16:32', '2024-09-10 12:16:32'),
(931, 2, 'admin/lesson-types', 'GET', '127.0.0.1', '[]', '2024-09-10 12:16:56', '2024-09-10 12:16:56'),
(932, 2, 'admin/lesson-types', 'GET', '127.0.0.1', '[]', '2024-09-10 12:17:14', '2024-09-10 12:17:14'),
(933, 2, 'admin/lesson-types', 'GET', '127.0.0.1', '[]', '2024-09-10 12:23:00', '2024-09-10 12:23:00'),
(934, 2, 'admin/lesson-types', 'GET', '127.0.0.1', '[]', '2024-09-10 12:28:51', '2024-09-10 12:28:51'),
(935, 2, 'admin/lesson-types/create', 'GET', '127.0.0.1', '[]', '2024-09-10 13:06:14', '2024-09-10 13:06:14'),
(936, 2, 'admin/lesson-types/create', 'GET', '127.0.0.1', '[]', '2024-09-10 13:06:59', '2024-09-10 13:06:59'),
(937, 2, 'admin/lesson-types', 'GET', '127.0.0.1', '[]', '2024-09-10 13:08:39', '2024-09-10 13:08:39'),
(938, 2, 'admin/lesson-types/create', 'GET', '127.0.0.1', '[]', '2024-09-10 13:08:42', '2024-09-10 13:08:42'),
(939, 2, 'admin/lesson-types', 'POST', '127.0.0.1', '{\"lesson_id\":\"1\",\"search_terms\":null,\"_token\":\"HlGS5Btp5vUp2Mov27EHWDVjXscbwSJIxCMkvnD9\"}', '2024-09-10 13:09:10', '2024-09-10 13:09:10'),
(940, 2, 'admin/lesson-types', 'GET', '127.0.0.1', '[]', '2024-09-10 13:09:11', '2024-09-10 13:09:11'),
(941, 2, 'admin/lessons', 'GET', '127.0.0.1', '[]', '2024-09-10 13:19:21', '2024-09-10 13:19:21'),
(942, 2, 'admin/lessons/create', 'GET', '127.0.0.1', '[]', '2024-09-10 13:19:23', '2024-09-10 13:19:23'),
(943, 2, 'admin/lessons', 'GET', '127.0.0.1', '[]', '2024-09-10 13:19:30', '2024-09-10 13:19:30'),
(944, 2, 'admin/lessons/1/edit', 'GET', '127.0.0.1', '[]', '2024-09-10 13:19:33', '2024-09-10 13:19:33'),
(945, 2, 'admin/lessons/1', 'PUT', '127.0.0.1', '{\"course_id\":\"5\",\"search_terms\":null,\"title\":\"Introduction to python\",\"duration\":\"20\",\"_token\":\"HlGS5Btp5vUp2Mov27EHWDVjXscbwSJIxCMkvnD9\",\"_method\":\"PUT\"}', '2024-09-10 13:19:45', '2024-09-10 13:19:45'),
(946, 2, 'admin/lessons', 'GET', '127.0.0.1', '[]', '2024-09-10 13:19:46', '2024-09-10 13:19:46'),
(947, 2, 'admin/lessons/1/edit', 'GET', '127.0.0.1', '[]', '2024-09-10 13:19:48', '2024-09-10 13:19:48'),
(948, 2, 'admin/lessons/1', 'PUT', '127.0.0.1', '{\"course_id\":\"5\",\"search_terms\":null,\"title\":\"Introduction to web design\",\"duration\":\"20\",\"_token\":\"HlGS5Btp5vUp2Mov27EHWDVjXscbwSJIxCMkvnD9\",\"_method\":\"PUT\"}', '2024-09-10 13:20:02', '2024-09-10 13:20:02'),
(949, 2, 'admin/lessons', 'GET', '127.0.0.1', '[]', '2024-09-10 13:20:02', '2024-09-10 13:20:02'),
(950, 2, 'admin/lessons/create', 'GET', '127.0.0.1', '[]', '2024-09-10 13:20:04', '2024-09-10 13:20:04'),
(951, 2, 'admin/lessons', 'POST', '127.0.0.1', '{\"course_id\":\"5\",\"search_terms\":null,\"title\":\"Structure of HTML document\",\"duration\":\"10\",\"_token\":\"HlGS5Btp5vUp2Mov27EHWDVjXscbwSJIxCMkvnD9\"}', '2024-09-10 13:20:30', '2024-09-10 13:20:30'),
(952, 2, 'admin/lessons', 'GET', '127.0.0.1', '[]', '2024-09-10 13:20:30', '2024-09-10 13:20:30'),
(953, 2, 'admin/lesson-types', 'GET', '127.0.0.1', '[]', '2024-09-10 13:20:34', '2024-09-10 13:20:34'),
(954, 2, 'admin/lesson-types/create', 'GET', '127.0.0.1', '[]', '2024-09-10 13:20:36', '2024-09-10 13:20:36'),
(955, 2, 'admin/lesson-types', 'POST', '127.0.0.1', '{\"lesson_id\":\"2\",\"search_terms\":null,\"_token\":\"HlGS5Btp5vUp2Mov27EHWDVjXscbwSJIxCMkvnD9\"}', '2024-09-10 13:21:08', '2024-09-10 13:21:08'),
(956, 2, 'admin/lesson-types', 'GET', '127.0.0.1', '[]', '2024-09-10 13:21:08', '2024-09-10 13:21:08'),
(957, 2, 'admin', 'GET', '127.0.0.1', '[]', '2024-09-10 15:27:14', '2024-09-10 15:27:14'),
(958, 2, 'admin/courses', 'GET', '127.0.0.1', '[]', '2024-09-10 15:27:20', '2024-09-10 15:27:20'),
(959, 2, 'admin/courses/create', 'GET', '127.0.0.1', '[]', '2024-09-10 15:27:22', '2024-09-10 15:27:22'),
(960, 2, 'admin/courses', 'POST', '127.0.0.1', '{\"name\":\"Python\",\"instructor_id\":\"4\",\"search_terms\":null,\"title\":\"Python Bootcamp\",\"description\":\"Python bootcamp is a course designed to give both beginner and experienced programmers to learn it in a very cumulative slope\",\"price\":\"5500\",\"categories_id\":\"1\",\"language\":\"English\",\"_token\":\"faDWQc0hoEZHFL7jLTkllHmMVgcLpAH1sUPhc4pZ\"}', '2024-09-10 15:30:28', '2024-09-10 15:30:28'),
(961, 2, 'admin/courses', 'GET', '127.0.0.1', '[]', '2024-09-10 15:30:28', '2024-09-10 15:30:28'),
(962, 2, 'admin/lessons', 'GET', '127.0.0.1', '[]', '2024-09-10 16:59:57', '2024-09-10 16:59:57'),
(963, 2, 'admin/lessons/create', 'GET', '127.0.0.1', '[]', '2024-09-10 17:00:00', '2024-09-10 17:00:00'),
(964, 2, 'admin/lessons', 'POST', '127.0.0.1', '{\"course_id\":\"6\",\"search_terms\":null,\"title\":\"Introduction to Python\",\"duration\":\"5\",\"_token\":\"faDWQc0hoEZHFL7jLTkllHmMVgcLpAH1sUPhc4pZ\"}', '2024-09-10 17:00:15', '2024-09-10 17:00:15'),
(965, 2, 'admin/lessons/create', 'GET', '127.0.0.1', '[]', '2024-09-10 17:00:16', '2024-09-10 17:00:16'),
(966, 2, 'admin/lessons/create', 'GET', '127.0.0.1', '[]', '2024-09-10 17:01:34', '2024-09-10 17:01:34'),
(967, 2, 'admin/lessons', 'POST', '127.0.0.1', '{\"course_id\":\"6\",\"search_terms\":null,\"title\":\"Introduction to Python\",\"description\":\"Learn the basics concept of python\",\"duration\":\"5\",\"_token\":\"faDWQc0hoEZHFL7jLTkllHmMVgcLpAH1sUPhc4pZ\"}', '2024-09-10 17:02:07', '2024-09-10 17:02:07'),
(968, 2, 'admin/lessons', 'GET', '127.0.0.1', '[]', '2024-09-10 17:02:08', '2024-09-10 17:02:08'),
(969, 2, 'admin/lesson-types', 'GET', '127.0.0.1', '[]', '2024-09-10 17:02:12', '2024-09-10 17:02:12'),
(970, 2, 'admin/lesson-types/create', 'GET', '127.0.0.1', '[]', '2024-09-10 17:02:14', '2024-09-10 17:02:14'),
(971, 2, 'admin/lesson-types', 'POST', '127.0.0.1', '{\"lesson_id\":\"3\",\"search_terms\":null,\"_token\":\"faDWQc0hoEZHFL7jLTkllHmMVgcLpAH1sUPhc4pZ\"}', '2024-09-10 17:02:42', '2024-09-10 17:02:42'),
(972, 2, 'admin/lesson-types', 'GET', '127.0.0.1', '[]', '2024-09-10 17:02:42', '2024-09-10 17:02:42'),
(973, 2, 'admin', 'GET', '127.0.0.1', '[]', '2024-09-10 18:21:56', '2024-09-10 18:21:56'),
(974, 2, 'admin/lessons', 'GET', '127.0.0.1', '[]', '2024-09-10 18:21:58', '2024-09-10 18:21:58'),
(975, 2, 'admin/lessons/create', 'GET', '127.0.0.1', '[]', '2024-09-10 18:22:02', '2024-09-10 18:22:02'),
(976, 2, 'admin/lessons', 'POST', '127.0.0.1', '{\"course_id\":\"6\",\"search_terms\":null,\"title\":\"Functions in Python\",\"description\":\"You will learn how to define and invoke function in python programming language\",\"duration\":\"5\",\"_token\":\"80A1PgvnqTVGH1OJfrnv2tdrgfKSQaV02MVoKJmg\"}', '2024-09-10 18:23:02', '2024-09-10 18:23:02'),
(977, 2, 'admin/lessons', 'GET', '127.0.0.1', '[]', '2024-09-10 18:23:03', '2024-09-10 18:23:03'),
(978, 2, 'admin/lesson-types', 'GET', '127.0.0.1', '[]', '2024-09-10 18:23:19', '2024-09-10 18:23:19'),
(979, 2, 'admin/lesson-types/create', 'GET', '127.0.0.1', '[]', '2024-09-10 18:23:22', '2024-09-10 18:23:22'),
(980, 2, 'admin/lesson-types', 'POST', '127.0.0.1', '{\"lesson_id\":\"4\",\"search_terms\":null,\"_token\":\"80A1PgvnqTVGH1OJfrnv2tdrgfKSQaV02MVoKJmg\"}', '2024-09-10 18:23:41', '2024-09-10 18:23:41'),
(981, 2, 'admin/lesson-types', 'GET', '127.0.0.1', '[]', '2024-09-10 18:23:41', '2024-09-10 18:23:41'),
(982, 2, 'admin', 'GET', '127.0.0.1', '[]', '2024-09-11 04:14:20', '2024-09-11 04:14:20'),
(983, 2, 'admin/auth/logout', 'GET', '127.0.0.1', '[]', '2024-09-11 04:14:42', '2024-09-11 04:14:42'),
(984, 1, 'admin', 'GET', '127.0.0.1', '[]', '2024-09-11 04:14:54', '2024-09-11 04:14:54'),
(985, 1, 'admin/lesson-types', 'GET', '127.0.0.1', '[]', '2024-09-11 04:15:31', '2024-09-11 04:15:31'),
(986, 1, 'admin/lesson-types/create', 'GET', '127.0.0.1', '[]', '2024-09-11 04:15:38', '2024-09-11 04:15:38'),
(987, 1, 'admin/lesson-types', 'GET', '127.0.0.1', '[]', '2024-09-11 04:15:51', '2024-09-11 04:15:51'),
(988, 1, 'admin/auth/logout', 'GET', '127.0.0.1', '[]', '2024-09-11 04:34:56', '2024-09-11 04:34:56'),
(989, 1, 'admin', 'GET', '127.0.0.1', '[]', '2024-09-11 04:36:17', '2024-09-11 04:36:17'),
(990, 1, 'admin/categories', 'GET', '127.0.0.1', '[]', '2024-09-11 04:36:29', '2024-09-11 04:36:29'),
(991, 1, 'admin/categories/1', 'GET', '127.0.0.1', '[]', '2024-09-11 04:36:35', '2024-09-11 04:36:35'),
(992, 1, 'admin/categories', 'GET', '127.0.0.1', '[]', '2024-09-11 04:36:40', '2024-09-11 04:36:40'),
(993, 1, 'admin/categories', 'GET', '127.0.0.1', '[]', '2024-09-11 04:36:41', '2024-09-11 04:36:41'),
(994, 1, 'admin/categories', 'GET', '127.0.0.1', '[]', '2024-09-11 05:52:12', '2024-09-11 05:52:12'),
(995, 1, 'admin/categories/create', 'GET', '127.0.0.1', '[]', '2024-09-11 05:52:14', '2024-09-11 05:52:14'),
(996, 1, 'admin/categories', 'POST', '127.0.0.1', '{\"name\":\"Mechanical\",\"description\":\"Mechanical Is a department under the mechanical professional\",\"_token\":\"zIDdfRogCn9akOX3oqIWevgvPPe2iU3wCkBZTIqu\"}', '2024-09-11 05:52:47', '2024-09-11 05:52:47'),
(997, 1, 'admin/categories', 'GET', '127.0.0.1', '[]', '2024-09-11 05:52:47', '2024-09-11 05:52:47'),
(998, 1, 'admin/courses', 'GET', '127.0.0.1', '[]', '2024-09-11 05:54:08', '2024-09-11 05:54:08'),
(999, 1, 'admin/courses/create', 'GET', '127.0.0.1', '[]', '2024-09-11 05:54:11', '2024-09-11 05:54:11'),
(1000, 1, 'admin/auth/logout', 'GET', '127.0.0.1', '[]', '2024-09-11 05:54:29', '2024-09-11 05:54:29'),
(1001, 2, 'admin', 'GET', '127.0.0.1', '[]', '2024-09-11 05:54:40', '2024-09-11 05:54:40'),
(1002, 2, 'admin/courses', 'GET', '127.0.0.1', '[]', '2024-09-11 05:54:56', '2024-09-11 05:54:56'),
(1003, 2, 'admin/instructors', 'GET', '127.0.0.1', '[]', '2024-09-11 05:55:01', '2024-09-11 05:55:01'),
(1004, 2, 'admin/instructors/create', 'GET', '127.0.0.1', '[]', '2024-09-11 05:55:05', '2024-09-11 05:55:05'),
(1005, 2, 'admin/instructors', 'POST', '127.0.0.1', '{\"user_id\":\"7\",\"search_terms\":null,\"instructor_description\":\"He is an expert in car driving\",\"categories_id\":\"3\",\"_token\":\"d1bjRTG2k3YR2XUwfGGqXPP77aQcoyJIujVRszLg\"}', '2024-09-11 05:55:55', '2024-09-11 05:55:55'),
(1006, 2, 'admin/instructors', 'GET', '127.0.0.1', '[]', '2024-09-11 05:55:56', '2024-09-11 05:55:56'),
(1007, 2, 'admin/users', 'GET', '127.0.0.1', '[]', '2024-09-11 05:56:10', '2024-09-11 05:56:10'),
(1008, 2, 'admin/auth/logout', 'GET', '127.0.0.1', '[]', '2024-09-11 05:56:23', '2024-09-11 05:56:23'),
(1009, 2, 'admin', 'GET', '127.0.0.1', '[]', '2024-09-11 05:56:47', '2024-09-11 05:56:47'),
(1010, 2, 'admin/users', 'GET', '127.0.0.1', '[]', '2024-09-11 05:56:54', '2024-09-11 05:56:54'),
(1011, 2, 'admin/users/7/edit', 'GET', '127.0.0.1', '[]', '2024-09-11 05:56:58', '2024-09-11 05:56:58'),
(1012, 2, 'admin/instructors', 'GET', '127.0.0.1', '[]', '2024-09-11 05:57:06', '2024-09-11 05:57:06'),
(1013, 2, 'admin/users', 'GET', '127.0.0.1', '[]', '2024-09-11 05:57:10', '2024-09-11 05:57:10'),
(1014, 2, 'admin/users/create', 'GET', '127.0.0.1', '[]', '2024-09-11 05:57:12', '2024-09-11 05:57:12'),
(1015, 2, 'admin/users', 'POST', '127.0.0.1', '{\"name\":\"Doe\",\"username\":\"doe\",\"email\":\"doe@gmail.com\",\"role_id\":\"2\",\"search_terms\":null,\"email_verified_at\":\"2024-09-11 08:57:13\",\"password\":\"*****-filtered-out-*****\",\"_token\":\"qOpc5UTYs2aNfqIiPW8DGG4eNlBwKx60CvZ3q9rT\"}', '2024-09-11 05:57:50', '2024-09-11 05:57:50'),
(1016, 2, 'admin/users', 'GET', '127.0.0.1', '[]', '2024-09-11 05:57:51', '2024-09-11 05:57:51'),
(1017, 2, 'admin', 'GET', '127.0.0.1', '[]', '2024-09-11 05:58:03', '2024-09-11 05:58:03'),
(1018, 2, 'admin/auth/logout', 'GET', '127.0.0.1', '[]', '2024-09-11 05:58:10', '2024-09-11 05:58:10'),
(1019, 1, 'admin', 'GET', '127.0.0.1', '[]', '2024-09-11 05:58:17', '2024-09-11 05:58:17'),
(1020, 1, 'admin/users', 'GET', '127.0.0.1', '[]', '2024-09-11 05:58:36', '2024-09-11 05:58:36'),
(1021, 1, 'admin/auth/permissions', 'GET', '127.0.0.1', '[]', '2024-09-11 05:58:38', '2024-09-11 05:58:38'),
(1022, 1, 'admin/auth/roles', 'GET', '127.0.0.1', '[]', '2024-09-11 05:58:40', '2024-09-11 05:58:40'),
(1023, 1, 'admin/auth/roles/create', 'GET', '127.0.0.1', '[]', '2024-09-11 05:58:44', '2024-09-11 05:58:44'),
(1024, 1, 'admin/auth/roles', 'GET', '127.0.0.1', '[]', '2024-09-11 05:58:49', '2024-09-11 05:58:49'),
(1025, 1, 'admin/auth/roles/2/edit', 'GET', '127.0.0.1', '[]', '2024-09-11 05:58:53', '2024-09-11 05:58:53'),
(1026, 1, 'admin/auth/roles', 'GET', '127.0.0.1', '[]', '2024-09-11 05:59:00', '2024-09-11 05:59:00'),
(1027, 1, 'admin/auth/roles/create', 'GET', '127.0.0.1', '[]', '2024-09-11 05:59:06', '2024-09-11 05:59:06'),
(1028, 1, 'admin/auth/roles', 'POST', '127.0.0.1', '{\"slug\":\"Doe\",\"name\":\"Doe\",\"permissions\":[\"1\",null],\"_token\":\"gHn78ZYgdvOfmB5XecM7qKKv17tvnsb6sKSZgnmj\"}', '2024-09-11 05:59:18', '2024-09-11 05:59:18'),
(1029, 1, 'admin/auth/roles', 'GET', '127.0.0.1', '[]', '2024-09-11 05:59:18', '2024-09-11 05:59:18'),
(1030, 1, 'admin/auth/permissions', 'GET', '127.0.0.1', '[]', '2024-09-11 05:59:23', '2024-09-11 05:59:23'),
(1031, 1, 'admin/auth/permissions/create', 'GET', '127.0.0.1', '[]', '2024-09-11 05:59:33', '2024-09-11 05:59:33'),
(1032, 1, 'admin/users', 'GET', '127.0.0.1', '[]', '2024-09-11 05:59:44', '2024-09-11 05:59:44'),
(1033, 1, 'admin/auth/logout', 'GET', '127.0.0.1', '[]', '2024-09-11 05:59:49', '2024-09-11 05:59:49'),
(1034, 1, 'admin', 'GET', '127.0.0.1', '[]', '2024-09-11 06:00:17', '2024-09-11 06:00:17'),
(1035, 1, 'admin/users', 'GET', '127.0.0.1', '[]', '2024-09-11 06:00:23', '2024-09-11 06:00:23'),
(1036, 1, 'admin/users/9/edit', 'GET', '127.0.0.1', '[]', '2024-09-11 06:00:36', '2024-09-11 06:00:36'),
(1037, 1, 'admin/users', 'GET', '127.0.0.1', '[]', '2024-09-11 06:01:01', '2024-09-11 06:01:01'),
(1038, 1, 'admin/auth/roles', 'GET', '127.0.0.1', '[]', '2024-09-11 06:01:17', '2024-09-11 06:01:17'),
(1039, 1, 'admin/auth/users', 'GET', '127.0.0.1', '[]', '2024-09-11 06:01:46', '2024-09-11 06:01:46'),
(1040, 1, 'admin/users', 'GET', '127.0.0.1', '[]', '2024-09-11 06:01:52', '2024-09-11 06:01:52'),
(1041, 1, 'admin/auth/users', 'GET', '127.0.0.1', '[]', '2024-09-11 06:02:01', '2024-09-11 06:02:01'),
(1042, 1, 'admin/auth/users/create', 'GET', '127.0.0.1', '[]', '2024-09-11 06:02:03', '2024-09-11 06:02:03'),
(1043, 1, 'admin/auth/users', 'POST', '127.0.0.1', '{\"username\":\"doe\",\"name\":\"doe\",\"password\":\"*****-filtered-out-*****\",\"password_confirmation\":\"doe\",\"roles\":[\"4\",null],\"search_terms\":null,\"permissions\":[\"1\",null],\"_token\":\"QECxa2dT236nv7qVuMmSNsNpZeNITzVnycVJmf7P\"}', '2024-09-11 06:02:34', '2024-09-11 06:02:34'),
(1044, 1, 'admin/auth/users', 'GET', '127.0.0.1', '[]', '2024-09-11 06:02:35', '2024-09-11 06:02:35'),
(1045, 1, 'admin/auth/logout', 'GET', '127.0.0.1', '[]', '2024-09-11 06:02:41', '2024-09-11 06:02:41'),
(1046, 3, 'admin', 'GET', '127.0.0.1', '[]', '2024-09-11 06:02:47', '2024-09-11 06:02:47'),
(1047, 3, 'admin/categories', 'GET', '127.0.0.1', '[]', '2024-09-11 06:02:54', '2024-09-11 06:02:54'),
(1048, 3, 'admin/courses', 'GET', '127.0.0.1', '[]', '2024-09-11 06:02:56', '2024-09-11 06:02:56'),
(1049, 3, 'admin/auth/logout', 'GET', '127.0.0.1', '[]', '2024-09-11 06:04:01', '2024-09-11 06:04:01'),
(1050, 1, 'admin', 'GET', '127.0.0.1', '[]', '2024-09-11 06:04:11', '2024-09-11 06:04:11'),
(1051, 1, 'admin/auth/roles', 'GET', '127.0.0.1', '[]', '2024-09-11 06:04:23', '2024-09-11 06:04:23'),
(1052, 1, 'admin/auth/users', 'GET', '127.0.0.1', '[]', '2024-09-11 06:04:34', '2024-09-11 06:04:34'),
(1053, 1, 'admin/auth/users/2', 'GET', '127.0.0.1', '[]', '2024-09-11 06:04:41', '2024-09-11 06:04:41'),
(1054, 1, 'admin/auth/roles', 'GET', '127.0.0.1', '[]', '2024-09-11 06:04:48', '2024-09-11 06:04:48'),
(1055, 1, 'admin/auth/menu', 'GET', '127.0.0.1', '[]', '2024-09-11 06:05:32', '2024-09-11 06:05:32'),
(1056, 1, 'admin', 'GET', '127.0.0.1', '[]', '2024-09-11 06:07:01', '2024-09-11 06:07:01'),
(1057, 1, 'admin/categories', 'GET', '127.0.0.1', '[]', '2024-09-11 06:08:29', '2024-09-11 06:08:29'),
(1058, 1, 'admin/courses', 'GET', '127.0.0.1', '[]', '2024-09-11 07:00:00', '2024-09-11 07:00:00'),
(1059, 1, 'admin/courses/create', 'GET', '127.0.0.1', '[]', '2024-09-11 07:00:03', '2024-09-11 07:00:03'),
(1060, 1, 'admin/courses', 'POST', '127.0.0.1', '{\"name\":\"Engine Wiring\",\"instructor_id\":\"9\",\"search_terms\":null,\"title\":\"Workshop for wiring car engine\",\"description\":\"Get started by learning how to wire different type of car engine on your fingertip\",\"price\":\"50000\",\"categories_id\":\"3\",\"language\":\"English\",\"_token\":\"dCumjUCqr5U5gI0UYnrSuMp20NjXf2aXatj8bB0D\"}', '2024-09-11 07:03:02', '2024-09-11 07:03:02'),
(1061, 1, 'admin/courses/create', 'GET', '127.0.0.1', '[]', '2024-09-11 07:03:04', '2024-09-11 07:03:04'),
(1062, 1, 'admin/auth/logout', 'GET', '127.0.0.1', '[]', '2024-09-11 07:06:12', '2024-09-11 07:06:12'),
(1063, 3, 'admin', 'GET', '127.0.0.1', '[]', '2024-09-11 07:06:19', '2024-09-11 07:06:19'),
(1064, 3, 'admin/courses', 'GET', '127.0.0.1', '[]', '2024-09-11 07:06:22', '2024-09-11 07:06:22'),
(1065, 3, 'admin/courses/create', 'GET', '127.0.0.1', '[]', '2024-09-11 07:06:26', '2024-09-11 07:06:26'),
(1066, 3, 'admin/courses', 'POST', '127.0.0.1', '{\"name\":\"Engine wiring\",\"instructor_id\":\"9\",\"search_terms\":null,\"title\":\"Workshop for engine wiring\",\"description\":\"Get started to learn how to wire any car engine on your fingertip\",\"price\":\"50000\",\"categories_id\":\"3\",\"language\":\"English, Swahili\",\"_token\":\"xpHXOXx0PIRFN3GvSsliZglrlLUwhPAS3df6JCfJ\"}', '2024-09-11 07:09:06', '2024-09-11 07:09:06'),
(1067, 3, 'admin/courses/create', 'GET', '127.0.0.1', '[]', '2024-09-11 07:09:07', '2024-09-11 07:09:07'),
(1068, 3, 'admin/courses', 'POST', '127.0.0.1', '{\"name\":\"Engine wiring\",\"instructor_id\":\"4\",\"search_terms\":null,\"title\":\"Workshop for engine wiring\",\"description\":\"Get started to learn how to wire any car engine on your fingertip\",\"price\":\"50000\",\"categories_id\":\"3\",\"language\":\"English, Swahili\",\"_token\":\"xpHXOXx0PIRFN3GvSsliZglrlLUwhPAS3df6JCfJ\"}', '2024-09-11 07:09:36', '2024-09-11 07:09:36'),
(1069, 3, 'admin/courses', 'GET', '127.0.0.1', '[]', '2024-09-11 07:09:36', '2024-09-11 07:09:36'),
(1070, 3, 'admin/users', 'GET', '127.0.0.1', '[]', '2024-09-11 07:14:02', '2024-09-11 07:14:02'),
(1071, 3, 'admin/auth/logout', 'GET', '127.0.0.1', '[]', '2024-09-11 07:14:08', '2024-09-11 07:14:08'),
(1072, 1, 'admin', 'GET', '127.0.0.1', '[]', '2024-09-11 07:14:14', '2024-09-11 07:14:14'),
(1073, 1, 'admin/auth/users', 'GET', '127.0.0.1', '[]', '2024-09-11 07:14:23', '2024-09-11 07:14:23'),
(1074, 1, 'admin/auth/users/3/edit', 'GET', '127.0.0.1', '[]', '2024-09-11 07:14:27', '2024-09-11 07:14:27'),
(1075, 1, 'admin/auth/users/3', 'PUT', '127.0.0.1', '{\"username\":\"doe\",\"name\":\"doe\",\"password\":\"*****-filtered-out-*****\",\"password_confirmation\":\"$2y$12$Pl1FJDZGF6cnfvQXbIGhguksF34\\/57VOb\\/.GQgRYpIh\\/yUMbZXgee\",\"roles\":[\"2\",null],\"search_terms\":null,\"permissions\":[\"1\",null],\"_token\":\"7dSTzJRtEwtOUQdCW0YoWoe4FgCJSHJM1EmDFzol\",\"_method\":\"PUT\"}', '2024-09-11 07:14:38', '2024-09-11 07:14:38'),
(1076, 1, 'admin/auth/users', 'GET', '127.0.0.1', '[]', '2024-09-11 07:14:39', '2024-09-11 07:14:39'),
(1077, 1, 'admin/courses', 'GET', '127.0.0.1', '[]', '2024-09-11 07:14:44', '2024-09-11 07:14:44'),
(1078, 1, 'admin/courses/9/edit', 'GET', '127.0.0.1', '[]', '2024-09-11 07:14:47', '2024-09-11 07:14:47'),
(1079, 1, 'admin/courses/9', 'PUT', '127.0.0.1', '{\"name\":\"Engine wiring\",\"instructor_id\":\"9\",\"search_terms\":null,\"title\":\"Workshop for engine wiring\",\"description\":\"Get started to learn how to wire any car engine on your fingertip\",\"price\":\"50000.00\",\"categories_id\":\"3\",\"language\":\"English, Swahili\",\"_token\":\"7dSTzJRtEwtOUQdCW0YoWoe4FgCJSHJM1EmDFzol\",\"_method\":\"PUT\"}', '2024-09-11 07:14:54', '2024-09-11 07:14:54'),
(1080, 1, 'admin/courses/9/edit', 'GET', '127.0.0.1', '[]', '2024-09-11 07:14:55', '2024-09-11 07:14:55'),
(1081, 1, 'admin/auth/logout', 'GET', '127.0.0.1', '[]', '2024-09-11 07:15:03', '2024-09-11 07:15:03'),
(1082, 3, 'admin', 'GET', '127.0.0.1', '[]', '2024-09-11 07:15:11', '2024-09-11 07:15:11'),
(1083, 3, 'admin/courses', 'GET', '127.0.0.1', '[]', '2024-09-11 07:15:14', '2024-09-11 07:15:14'),
(1084, 3, 'admin/courses/9/edit', 'GET', '127.0.0.1', '[]', '2024-09-11 07:15:18', '2024-09-11 07:15:18'),
(1085, 3, 'admin/courses/9', 'PUT', '127.0.0.1', '{\"name\":\"Engine wiring\",\"instructor_id\":\"9\",\"search_terms\":null,\"title\":\"Workshop for engine wiring\",\"description\":\"Get started to learn how to wire any car engine on your fingertip\",\"price\":\"50000.00\",\"categories_id\":\"3\",\"language\":\"English, Swahili\",\"_token\":\"wS1IZFQW9A7SCVEIqZe4kM3rxXZrLfHaJC8aUtkf\",\"_method\":\"PUT\"}', '2024-09-11 07:15:23', '2024-09-11 07:15:23'),
(1086, 3, 'admin/courses/9/edit', 'GET', '127.0.0.1', '[]', '2024-09-11 07:15:24', '2024-09-11 07:15:24'),
(1087, 3, 'admin/auth/logout', 'GET', '127.0.0.1', '[]', '2024-09-11 07:15:30', '2024-09-11 07:15:30'),
(1088, 2, 'admin', 'GET', '127.0.0.1', '[]', '2024-09-11 07:15:38', '2024-09-11 07:15:38'),
(1089, 2, 'admin/courses', 'GET', '127.0.0.1', '[]', '2024-09-11 07:15:43', '2024-09-11 07:15:43'),
(1090, 2, 'admin/courses/9/edit', 'GET', '127.0.0.1', '[]', '2024-09-11 07:15:46', '2024-09-11 07:15:46'),
(1091, 2, 'admin/courses/9', 'PUT', '127.0.0.1', '{\"name\":\"Engine wiring\",\"instructor_id\":\"9\",\"search_terms\":null,\"title\":\"Workshop for engine wiring\",\"description\":\"Get started to learn how to wire any car engine on your fingertip\",\"price\":\"50000.00\",\"categories_id\":\"3\",\"language\":\"English, Swahili\",\"_token\":\"317nkBJXASLdcMM7lqMGOV62cWhnSyIiGXJpyON7\",\"_method\":\"PUT\"}', '2024-09-11 07:15:52', '2024-09-11 07:15:52'),
(1092, 2, 'admin/courses/9/edit', 'GET', '127.0.0.1', '[]', '2024-09-11 07:15:53', '2024-09-11 07:15:53'),
(1093, 1, 'admin', 'GET', '127.0.0.1', '[]', '2024-09-11 07:16:18', '2024-09-11 07:16:18'),
(1094, 1, 'admin/users', 'GET', '127.0.0.1', '[]', '2024-09-11 07:16:28', '2024-09-11 07:16:28'),
(1095, 1, 'admin/auth/users', 'GET', '127.0.0.1', '[]', '2024-09-11 07:16:41', '2024-09-11 07:16:41'),
(1096, 1, 'admin/auth/roles', 'GET', '127.0.0.1', '[]', '2024-09-11 07:16:46', '2024-09-11 07:16:46'),
(1097, 1, 'admin/auth/roles/4', 'DELETE', '127.0.0.1', '{\"_method\":\"delete\",\"_token\":\"yVyz9fJ9FhyhlrfrW5jpDJEm76YWlQePRzaDvl8S\"}', '2024-09-11 07:16:52', '2024-09-11 07:16:52'),
(1098, 1, 'admin/auth/roles', 'GET', '127.0.0.1', '[]', '2024-09-11 07:16:53', '2024-09-11 07:16:53'),
(1099, 1, 'admin/auth/users', 'GET', '127.0.0.1', '[]', '2024-09-11 07:16:59', '2024-09-11 07:16:59'),
(1100, 1, 'admin/users', 'GET', '127.0.0.1', '[]', '2024-09-11 07:17:11', '2024-09-11 07:17:11'),
(1101, 1, 'admin/instructors', 'GET', '127.0.0.1', '[]', '2024-09-11 07:17:32', '2024-09-11 07:17:32'),
(1102, 2, 'admin/courses/9', 'PUT', '127.0.0.1', '{\"name\":\"Engine wiring\",\"instructor_id\":\"4\",\"search_terms\":null,\"title\":\"Workshop for engine wiring\",\"description\":\"Get started to learn how to wire any car engine on your fingertip\",\"price\":\"50000.00\",\"categories_id\":\"3\",\"language\":\"English, Swahili\",\"_token\":\"317nkBJXASLdcMM7lqMGOV62cWhnSyIiGXJpyON7\",\"_method\":\"PUT\"}', '2024-09-11 07:18:11', '2024-09-11 07:18:11'),
(1103, 2, 'admin/courses', 'GET', '127.0.0.1', '[]', '2024-09-11 07:18:12', '2024-09-11 07:18:12'),
(1104, 2, 'admin/courses/9', 'GET', '127.0.0.1', '[]', '2024-09-11 07:18:18', '2024-09-11 07:18:18'),
(1105, 2, 'admin/courses/9', 'DELETE', '127.0.0.1', '{\"_method\":\"delete\",\"_token\":\"317nkBJXASLdcMM7lqMGOV62cWhnSyIiGXJpyON7\"}', '2024-09-11 07:18:42', '2024-09-11 07:18:42'),
(1106, 2, 'admin/courses', 'GET', '127.0.0.1', '[]', '2024-09-11 07:18:42', '2024-09-11 07:18:42'),
(1107, 2, 'admin/auth/logout', 'GET', '127.0.0.1', '[]', '2024-09-11 07:18:48', '2024-09-11 07:18:48'),
(1108, 3, 'admin', 'GET', '127.0.0.1', '[]', '2024-09-11 07:18:54', '2024-09-11 07:18:54'),
(1109, 3, 'admin/courses', 'GET', '127.0.0.1', '[]', '2024-09-11 07:18:57', '2024-09-11 07:18:57'),
(1110, 3, 'admin/courses/create', 'GET', '127.0.0.1', '[]', '2024-09-11 07:18:59', '2024-09-11 07:18:59'),
(1111, 3, 'admin/courses', 'POST', '127.0.0.1', '{\"name\":\"Engine wiring\",\"instructor_id\":\"9\",\"search_terms\":null,\"title\":\"Workshop for engine wiring\",\"description\":\"Get started to learn how to wire any car engine on your fingertip\",\"price\":\"50000\",\"categories_id\":\"3\",\"language\":\"English, Swahili\",\"_token\":\"V9wVUlzbDT2LoNYwKyBf1rAwMhYO9wWbSERwrCmq\"}', '2024-09-11 07:20:19', '2024-09-11 07:20:19'),
(1112, 3, 'admin/courses/create', 'GET', '127.0.0.1', '[]', '2024-09-11 07:20:20', '2024-09-11 07:20:20'),
(1113, 1, 'admin/instructors/create', 'GET', '127.0.0.1', '[]', '2024-09-11 07:20:57', '2024-09-11 07:20:57'),
(1114, 1, 'admin/instructors', 'POST', '127.0.0.1', '{\"user_id\":\"9\",\"search_terms\":null,\"instructor_description\":\"Experienced as a car mechanics\",\"categories_id\":\"3\",\"_token\":\"yVyz9fJ9FhyhlrfrW5jpDJEm76YWlQePRzaDvl8S\"}', '2024-09-11 07:21:36', '2024-09-11 07:21:36'),
(1115, 1, 'admin/instructors', 'GET', '127.0.0.1', '[]', '2024-09-11 07:21:36', '2024-09-11 07:21:36'),
(1116, 3, 'admin/courses', 'POST', '127.0.0.1', '{\"name\":\"Engine wiring\",\"instructor_id\":\"9\",\"search_terms\":null,\"title\":\"Workshop for engine wiring\",\"description\":\"Get started to learn how to wire any car engine on your fingertip\",\"price\":\"50000\",\"categories_id\":\"3\",\"language\":\"English, Swahili\",\"_token\":\"V9wVUlzbDT2LoNYwKyBf1rAwMhYO9wWbSERwrCmq\"}', '2024-09-11 07:21:42', '2024-09-11 07:21:42'),
(1117, 3, 'admin/courses/create', 'GET', '127.0.0.1', '[]', '2024-09-11 07:21:43', '2024-09-11 07:21:43'),
(1118, 3, 'admin/courses/create', 'GET', '127.0.0.1', '[]', '2024-09-11 07:21:52', '2024-09-11 07:21:52'),
(1119, 3, 'admin/instructors', 'GET', '127.0.0.1', '[]', '2024-09-11 07:21:56', '2024-09-11 07:21:56'),
(1120, 3, 'admin/courses', 'GET', '127.0.0.1', '[]', '2024-09-11 07:22:00', '2024-09-11 07:22:00'),
(1121, 3, 'admin/courses/create', 'GET', '127.0.0.1', '[]', '2024-09-11 07:22:02', '2024-09-11 07:22:02'),
(1122, 3, 'admin/courses', 'POST', '127.0.0.1', '{\"name\":\"Engine wiring\",\"instructor_id\":\"9\",\"search_terms\":null,\"title\":\"Workshop for engine wiring\",\"description\":\"Get started to learn how to wire any car engine on your fingertip\",\"price\":\"50000\",\"categories_id\":\"3\",\"language\":\"English, Swahili\",\"_token\":\"V9wVUlzbDT2LoNYwKyBf1rAwMhYO9wWbSERwrCmq\"}', '2024-09-11 07:27:41', '2024-09-11 07:27:41'),
(1123, 3, 'admin/courses/create', 'GET', '127.0.0.1', '[]', '2024-09-11 07:27:42', '2024-09-11 07:27:42'),
(1124, 1, 'admin/instructors', 'GET', '127.0.0.1', '[]', '2024-09-11 07:28:54', '2024-09-11 07:28:54'),
(1125, 1, 'admin/users', 'GET', '127.0.0.1', '[]', '2024-09-11 07:29:34', '2024-09-11 07:29:34'),
(1126, 1, 'admin/users/create', 'GET', '127.0.0.1', '[]', '2024-09-11 07:29:41', '2024-09-11 07:29:41'),
(1127, 1, 'admin/users', 'POST', '127.0.0.1', '{\"name\":\"f\",\"username\":\"f\",\"email\":\"f@g.com\",\"role_id\":\"2\",\"search_terms\":null,\"email_verified_at\":\"2024-09-11 10:29:42\",\"password\":\"*****-filtered-out-*****\",\"_token\":\"yVyz9fJ9FhyhlrfrW5jpDJEm76YWlQePRzaDvl8S\"}', '2024-09-11 07:30:07', '2024-09-11 07:30:07'),
(1128, 1, 'admin/users', 'GET', '127.0.0.1', '[]', '2024-09-11 07:30:07', '2024-09-11 07:30:07'),
(1129, 1, 'admin/auth/users', 'GET', '127.0.0.1', '[]', '2024-09-11 07:30:34', '2024-09-11 07:30:34'),
(1130, 1, 'admin/auth/logout', 'GET', '127.0.0.1', '[]', '2024-09-11 07:30:49', '2024-09-11 07:30:49'),
(1131, 1, 'admin', 'GET', '127.0.0.1', '[]', '2024-09-11 07:31:16', '2024-09-11 07:31:16'),
(1132, 1, 'admin/auth/users', 'GET', '127.0.0.1', '[]', '2024-09-11 07:31:33', '2024-09-11 07:31:33'),
(1133, 1, 'admin/auth/users/create', 'GET', '127.0.0.1', '[]', '2024-09-11 07:31:35', '2024-09-11 07:31:35'),
(1134, 1, 'admin/auth/users', 'POST', '127.0.0.1', '{\"username\":\"f\",\"name\":\"f\",\"password\":\"*****-filtered-out-*****\",\"password_confirmation\":\"f\",\"roles\":[\"2\",null],\"search_terms\":null,\"permissions\":[\"1\",null],\"_token\":\"0n8xn8HnzFac7ju5QnWoVbxRy7U5VS6bxkDsQVBS\"}', '2024-09-11 07:32:14', '2024-09-11 07:32:14'),
(1135, 1, 'admin/auth/users', 'GET', '127.0.0.1', '[]', '2024-09-11 07:32:15', '2024-09-11 07:32:15'),
(1136, 1, 'admin/auth/logout', 'GET', '127.0.0.1', '[]', '2024-09-11 07:32:28', '2024-09-11 07:32:28'),
(1137, 4, 'admin', 'GET', '127.0.0.1', '[]', '2024-09-11 07:32:37', '2024-09-11 07:32:37'),
(1138, 4, 'admin/instructors', 'GET', '127.0.0.1', '[]', '2024-09-11 07:32:46', '2024-09-11 07:32:46'),
(1139, 4, 'admin/instructors/create', 'GET', '127.0.0.1', '[]', '2024-09-11 07:32:51', '2024-09-11 07:32:51'),
(1140, 4, 'admin/instructors/create', 'GET', '127.0.0.1', '[]', '2024-09-11 07:35:18', '2024-09-11 07:35:18'),
(1141, 4, 'admin/instructors', 'POST', '127.0.0.1', '{\"user_id\":\"10\",\"search_terms\":null,\"instructor_description\":\"f is f\",\"categories_id\":\"3\",\"_token\":\"FuP87fOMuoxcxKKOPagrS1kKhh1zelwK2tuaWdNx\"}', '2024-09-11 07:37:10', '2024-09-11 07:37:10'),
(1142, 4, 'admin/instructors', 'GET', '127.0.0.1', '[]', '2024-09-11 07:37:11', '2024-09-11 07:37:11'),
(1143, 4, 'admin/courses', 'GET', '127.0.0.1', '[]', '2024-09-11 07:37:49', '2024-09-11 07:37:49'),
(1144, 4, 'admin/courses/create', 'GET', '127.0.0.1', '[]', '2024-09-11 07:37:55', '2024-09-11 07:37:55'),
(1145, 4, 'admin/courses', 'POST', '127.0.0.1', '{\"name\":\"f\",\"instructor_id\":\"10\",\"search_terms\":null,\"title\":\"f\",\"description\":\"f is f\",\"price\":\"5\",\"categories_id\":\"3\",\"language\":\"F L\",\"_token\":\"FuP87fOMuoxcxKKOPagrS1kKhh1zelwK2tuaWdNx\"}', '2024-09-11 07:38:31', '2024-09-11 07:38:31'),
(1146, 4, 'admin/courses/create', 'GET', '127.0.0.1', '[]', '2024-09-11 07:38:32', '2024-09-11 07:38:32'),
(1147, 3, 'admin/courses', 'POST', '127.0.0.1', '{\"name\":\"Engine wiring\",\"instructor_id\":\"9\",\"search_terms\":null,\"title\":\"Workshop for engine wiring\",\"description\":\"Get started to learn how to wire any car engine on your fingertip\",\"price\":\"50000\",\"categories_id\":\"3\",\"language\":\"English, Swahili\",\"_token\":\"V9wVUlzbDT2LoNYwKyBf1rAwMhYO9wWbSERwrCmq\"}', '2024-09-11 07:44:15', '2024-09-11 07:44:15'),
(1148, 3, 'admin/courses/create', 'GET', '127.0.0.1', '[]', '2024-09-11 07:44:16', '2024-09-11 07:44:16'),
(1149, 3, 'admin/courses', 'POST', '127.0.0.1', '{\"name\":\"Engine wiring\",\"instructor_id\":\"9\",\"search_terms\":null,\"title\":\"Workshop for engine wiring\",\"description\":\"Get started to learn how to wire any car engine on your fingertip\",\"price\":\"50000\",\"categories_id\":\"3\",\"language\":\"English, Swahili\",\"_token\":\"V9wVUlzbDT2LoNYwKyBf1rAwMhYO9wWbSERwrCmq\"}', '2024-09-11 07:44:26', '2024-09-11 07:44:26'),
(1150, 3, 'admin/courses/create', 'GET', '127.0.0.1', '[]', '2024-09-11 07:44:26', '2024-09-11 07:44:26'),
(1151, 3, 'admin/courses', 'POST', '127.0.0.1', '{\"name\":\"Engine wiring\",\"instructor_id\":\"9\",\"search_terms\":null,\"title\":\"Workshop for engine wiring\",\"description\":\"Get started to learn how to wire any car engine on your fingertip\",\"price\":\"50000\",\"categories_id\":\"3\",\"language\":\"English, Swahili\",\"_token\":\"V9wVUlzbDT2LoNYwKyBf1rAwMhYO9wWbSERwrCmq\"}', '2024-09-11 07:44:29', '2024-09-11 07:44:29'),
(1152, 3, 'admin/courses/create', 'GET', '127.0.0.1', '[]', '2024-09-11 07:44:30', '2024-09-11 07:44:30'),
(1153, 3, 'admin/courses/create', 'GET', '127.0.0.1', '[]', '2024-09-11 07:44:32', '2024-09-11 07:44:32'),
(1154, 3, 'admin/courses', 'POST', '127.0.0.1', '{\"name\":\"f\",\"instructor_id\":\"10\",\"search_terms\":null,\"title\":\"f\",\"description\":\"f\",\"price\":\"5\",\"categories_id\":\"3\",\"language\":\"f\",\"_token\":\"V9wVUlzbDT2LoNYwKyBf1rAwMhYO9wWbSERwrCmq\"}', '2024-09-11 07:44:55', '2024-09-11 07:44:55'),
(1155, 3, 'admin/courses/create', 'GET', '127.0.0.1', '[]', '2024-09-11 07:44:56', '2024-09-11 07:44:56'),
(1156, 3, 'admin/courses', 'POST', '127.0.0.1', '{\"name\":\"f\",\"instructor_id\":\"10\",\"search_terms\":null,\"title\":\"f\",\"description\":\"f\",\"price\":\"5\",\"categories_id\":\"3\",\"language\":\"f\",\"_token\":\"V9wVUlzbDT2LoNYwKyBf1rAwMhYO9wWbSERwrCmq\"}', '2024-09-11 07:50:48', '2024-09-11 07:50:48'),
(1157, 3, 'admin/courses/create', 'GET', '127.0.0.1', '[]', '2024-09-11 07:50:48', '2024-09-11 07:50:48'),
(1158, 3, 'admin/courses', 'POST', '127.0.0.1', '{\"name\":\"f\",\"instructor_id\":\"10\",\"search_terms\":null,\"title\":\"f\",\"description\":\"f\",\"price\":\"5\",\"categories_id\":\"3\",\"language\":\"f\",\"_token\":\"V9wVUlzbDT2LoNYwKyBf1rAwMhYO9wWbSERwrCmq\"}', '2024-09-11 07:51:57', '2024-09-11 07:51:57'),
(1159, 3, 'admin/courses/create', 'GET', '127.0.0.1', '[]', '2024-09-11 07:51:57', '2024-09-11 07:51:57');
INSERT INTO `admin_operation_log` (`id`, `user_id`, `path`, `method`, `ip`, `input`, `created_at`, `updated_at`) VALUES
(1160, 3, 'admin/courses', 'POST', '127.0.0.1', '{\"name\":\"f\",\"instructor_id\":\"10\",\"search_terms\":null,\"title\":\"f\",\"description\":\"f\",\"price\":\"5\",\"categories_id\":\"3\",\"language\":\"f\",\"_token\":\"V9wVUlzbDT2LoNYwKyBf1rAwMhYO9wWbSERwrCmq\"}', '2024-09-11 07:53:04', '2024-09-11 07:53:04'),
(1161, 3, 'admin/courses/create', 'GET', '127.0.0.1', '[]', '2024-09-11 07:53:05', '2024-09-11 07:53:05'),
(1162, 3, 'admin/courses', 'POST', '127.0.0.1', '{\"name\":\"f\",\"instructor_id\":\"10\",\"search_terms\":null,\"title\":\"f\",\"description\":\"f\",\"price\":\"5\",\"categories_id\":\"3\",\"language\":\"f\",\"_token\":\"V9wVUlzbDT2LoNYwKyBf1rAwMhYO9wWbSERwrCmq\"}', '2024-09-11 07:53:06', '2024-09-11 07:53:06'),
(1163, 3, 'admin/courses/create', 'GET', '127.0.0.1', '[]', '2024-09-11 07:53:06', '2024-09-11 07:53:06'),
(1164, 3, 'admin/courses', 'POST', '127.0.0.1', '{\"name\":\"f\",\"instructor_id\":\"10\",\"search_terms\":null,\"title\":\"f\",\"description\":\"f\",\"price\":\"5\",\"categories_id\":\"3\",\"language\":\"f\",\"_token\":\"V9wVUlzbDT2LoNYwKyBf1rAwMhYO9wWbSERwrCmq\"}', '2024-09-11 07:53:08', '2024-09-11 07:53:08'),
(1165, 3, 'admin/courses/create', 'GET', '127.0.0.1', '[]', '2024-09-11 07:53:09', '2024-09-11 07:53:09'),
(1166, 3, 'admin/courses', 'POST', '127.0.0.1', '{\"name\":\"f\",\"instructor_id\":\"10\",\"search_terms\":null,\"title\":\"f\",\"description\":\"f\",\"price\":\"5\",\"categories_id\":\"3\",\"language\":\"f\",\"_token\":\"V9wVUlzbDT2LoNYwKyBf1rAwMhYO9wWbSERwrCmq\"}', '2024-09-11 07:53:25', '2024-09-11 07:53:25'),
(1167, 3, 'admin/courses/create', 'GET', '127.0.0.1', '[]', '2024-09-11 07:53:25', '2024-09-11 07:53:25'),
(1168, 3, 'admin/courses', 'POST', '127.0.0.1', '{\"name\":\"f\",\"instructor_id\":\"10\",\"search_terms\":null,\"title\":\"f\",\"description\":\"f\",\"price\":\"5\",\"categories_id\":\"3\",\"language\":\"f\",\"_token\":\"V9wVUlzbDT2LoNYwKyBf1rAwMhYO9wWbSERwrCmq\"}', '2024-09-11 07:53:27', '2024-09-11 07:53:27'),
(1169, 3, 'admin/courses/create', 'GET', '127.0.0.1', '[]', '2024-09-11 07:53:28', '2024-09-11 07:53:28'),
(1170, 3, 'admin/courses', 'POST', '127.0.0.1', '{\"name\":\"f\",\"instructor_id\":\"10\",\"search_terms\":null,\"title\":\"f\",\"description\":\"f\",\"price\":\"5\",\"categories_id\":\"3\",\"language\":\"f\",\"_token\":\"V9wVUlzbDT2LoNYwKyBf1rAwMhYO9wWbSERwrCmq\"}', '2024-09-11 07:53:43', '2024-09-11 07:53:43'),
(1171, 3, 'admin/courses/create', 'GET', '127.0.0.1', '[]', '2024-09-11 07:53:43', '2024-09-11 07:53:43'),
(1172, 3, 'admin/courses', 'POST', '127.0.0.1', '{\"name\":\"f\",\"instructor_id\":\"10\",\"search_terms\":null,\"title\":\"f\",\"description\":\"f\",\"price\":\"5\",\"categories_id\":\"3\",\"language\":\"f\",\"_token\":\"V9wVUlzbDT2LoNYwKyBf1rAwMhYO9wWbSERwrCmq\"}', '2024-09-11 07:53:52', '2024-09-11 07:53:52'),
(1173, 3, 'admin/courses/create', 'GET', '127.0.0.1', '[]', '2024-09-11 07:53:52', '2024-09-11 07:53:52'),
(1174, 3, 'admin/courses', 'POST', '127.0.0.1', '{\"name\":\"f\",\"instructor_id\":\"10\",\"search_terms\":null,\"title\":\"f\",\"description\":\"f\",\"price\":\"5\",\"categories_id\":\"3\",\"language\":\"f\",\"_token\":\"V9wVUlzbDT2LoNYwKyBf1rAwMhYO9wWbSERwrCmq\"}', '2024-09-11 07:54:39', '2024-09-11 07:54:39'),
(1175, 3, 'admin/courses/create', 'GET', '127.0.0.1', '[]', '2024-09-11 07:54:40', '2024-09-11 07:54:40'),
(1176, 3, 'admin/courses/create', 'GET', '127.0.0.1', '[]', '2024-09-11 07:54:50', '2024-09-11 07:54:50'),
(1177, 3, 'admin/courses', 'POST', '127.0.0.1', '{\"name\":null,\"instructor_id\":\"10\",\"search_terms\":null,\"title\":null,\"description\":null,\"price\":null,\"categories_id\":\"3\",\"language\":null,\"_token\":\"V9wVUlzbDT2LoNYwKyBf1rAwMhYO9wWbSERwrCmq\"}', '2024-09-11 07:55:01', '2024-09-11 07:55:01'),
(1178, 3, 'admin/courses/create', 'GET', '127.0.0.1', '[]', '2024-09-11 07:55:02', '2024-09-11 07:55:02'),
(1179, 3, 'admin/courses', 'POST', '127.0.0.1', '{\"name\":\"f\",\"instructor_id\":\"10\",\"search_terms\":null,\"title\":null,\"description\":null,\"price\":null,\"categories_id\":\"3\",\"language\":null,\"_token\":\"V9wVUlzbDT2LoNYwKyBf1rAwMhYO9wWbSERwrCmq\"}', '2024-09-11 07:55:14', '2024-09-11 07:55:14'),
(1180, 3, 'admin/courses/create', 'GET', '127.0.0.1', '[]', '2024-09-11 07:55:14', '2024-09-11 07:55:14'),
(1181, 3, 'admin/courses', 'POST', '127.0.0.1', '{\"name\":\"f\",\"instructor_id\":\"10\",\"search_terms\":null,\"title\":\"f\",\"description\":\"f\",\"price\":\"5\",\"categories_id\":\"3\",\"language\":null,\"_token\":\"V9wVUlzbDT2LoNYwKyBf1rAwMhYO9wWbSERwrCmq\"}', '2024-09-11 07:55:26', '2024-09-11 07:55:26'),
(1182, 3, 'admin/courses/create', 'GET', '127.0.0.1', '[]', '2024-09-11 07:55:27', '2024-09-11 07:55:27'),
(1183, 3, 'admin/courses', 'POST', '127.0.0.1', '{\"name\":\"f\",\"instructor_id\":\"10\",\"search_terms\":null,\"title\":\"f\",\"description\":\"f\",\"price\":\"5\",\"categories_id\":\"3\",\"language\":\"f\",\"_token\":\"V9wVUlzbDT2LoNYwKyBf1rAwMhYO9wWbSERwrCmq\"}', '2024-09-11 07:55:35', '2024-09-11 07:55:35'),
(1184, 3, 'admin/courses/create', 'GET', '127.0.0.1', '[]', '2024-09-11 07:55:36', '2024-09-11 07:55:36'),
(1185, 3, 'admin/courses', 'POST', '127.0.0.1', '{\"name\":\"f\",\"instructor_id\":\"10\",\"search_terms\":null,\"title\":\"f\",\"description\":\"f\",\"price\":\"5\",\"categories_id\":\"3\",\"language\":\"f\",\"_token\":\"V9wVUlzbDT2LoNYwKyBf1rAwMhYO9wWbSERwrCmq\"}', '2024-09-11 08:01:43', '2024-09-11 08:01:43'),
(1186, 3, 'admin/courses/create', 'GET', '127.0.0.1', '[]', '2024-09-11 08:01:44', '2024-09-11 08:01:44'),
(1187, 3, 'admin/courses/create', 'GET', '127.0.0.1', '[]', '2024-09-11 08:02:35', '2024-09-11 08:02:35'),
(1188, 3, 'admin/courses', 'POST', '127.0.0.1', '{\"name\":\"f\",\"instructor_id\":\"7\",\"search_terms\":null,\"title\":\"f\",\"description\":\"f\",\"price\":\"5\",\"categories_id\":\"3\",\"language\":\"f\",\"_token\":\"V9wVUlzbDT2LoNYwKyBf1rAwMhYO9wWbSERwrCmq\"}', '2024-09-11 08:02:53', '2024-09-11 08:02:53'),
(1189, 3, 'admin/courses', 'GET', '127.0.0.1', '[]', '2024-09-11 08:02:53', '2024-09-11 08:02:53'),
(1190, 3, 'admin/courses/30', 'DELETE', '127.0.0.1', '{\"_method\":\"delete\",\"_token\":\"V9wVUlzbDT2LoNYwKyBf1rAwMhYO9wWbSERwrCmq\"}', '2024-09-11 08:04:41', '2024-09-11 08:04:41'),
(1191, 3, 'admin/courses', 'GET', '127.0.0.1', '[]', '2024-09-11 08:04:41', '2024-09-11 08:04:41'),
(1192, 3, 'admin/courses/create', 'GET', '127.0.0.1', '[]', '2024-09-11 08:04:49', '2024-09-11 08:04:49'),
(1193, 3, 'admin/courses', 'POST', '127.0.0.1', '{\"name\":\"Engine wiring\",\"instructor_id\":\"6\",\"search_terms\":null,\"title\":\"Workshop for engine wiring\",\"description\":\"Get started to learn how to wire any car engine on your fingertip\",\"price\":\"50000\",\"categories_id\":\"3\",\"language\":\"English, Swahili\",\"_token\":\"V9wVUlzbDT2LoNYwKyBf1rAwMhYO9wWbSERwrCmq\"}', '2024-09-11 08:05:49', '2024-09-11 08:05:49'),
(1194, 3, 'admin/courses', 'GET', '127.0.0.1', '[]', '2024-09-11 08:05:50', '2024-09-11 08:05:50'),
(1195, 3, 'admin/courses/31/edit', 'GET', '127.0.0.1', '[]', '2024-09-11 08:05:57', '2024-09-11 08:05:57'),
(1196, 3, 'admin/courses/31', 'GET', '127.0.0.1', '[]', '2024-09-11 08:06:25', '2024-09-11 08:06:25'),
(1197, 3, 'admin/instructors', 'GET', '127.0.0.1', '[]', '2024-09-11 08:06:31', '2024-09-11 08:06:31'),
(1198, 3, 'admin/users', 'GET', '127.0.0.1', '[]', '2024-09-11 08:06:42', '2024-09-11 08:06:42'),
(1199, 3, 'admin', 'GET', '127.0.0.1', '[]', '2024-09-11 08:06:51', '2024-09-11 08:06:51'),
(1200, 3, 'admin/courses', 'GET', '127.0.0.1', '[]', '2024-09-11 08:06:54', '2024-09-11 08:06:54'),
(1201, 4, 'admin/instructors', 'GET', '127.0.0.1', '[]', '2024-09-11 08:07:40', '2024-09-11 08:07:40'),
(1202, 4, 'admin/users', 'GET', '127.0.0.1', '[]', '2024-09-11 08:07:50', '2024-09-11 08:07:50'),
(1203, 4, 'admin', 'GET', '127.0.0.1', '[]', '2024-09-11 08:07:57', '2024-09-11 08:07:57'),
(1204, 4, 'admin/auth/logout', 'GET', '127.0.0.1', '[]', '2024-09-11 08:08:03', '2024-09-11 08:08:03'),
(1205, 1, 'admin', 'GET', '127.0.0.1', '[]', '2024-09-11 08:08:10', '2024-09-11 08:08:10'),
(1206, 1, 'admin/auth/users', 'GET', '127.0.0.1', '[]', '2024-09-11 08:08:13', '2024-09-11 08:08:13'),
(1207, 3, 'admin/lessons', 'GET', '127.0.0.1', '[]', '2024-09-11 08:29:49', '2024-09-11 08:29:49'),
(1208, 3, 'admin/lessons/create', 'GET', '127.0.0.1', '[]', '2024-09-11 08:29:52', '2024-09-11 08:29:52'),
(1209, 3, 'admin/lessons', 'POST', '127.0.0.1', '{\"course_id\":\"31\",\"search_terms\":null,\"title\":\"Introduction to engine\",\"description\":\"Engine is the engine\",\"duration\":\"5\",\"_token\":\"V9wVUlzbDT2LoNYwKyBf1rAwMhYO9wWbSERwrCmq\"}', '2024-09-11 08:30:15', '2024-09-11 08:30:15'),
(1210, 3, 'admin/lessons', 'GET', '127.0.0.1', '[]', '2024-09-11 08:30:16', '2024-09-11 08:30:16'),
(1211, 3, 'admin/lesson-types', 'GET', '127.0.0.1', '[]', '2024-09-11 08:30:19', '2024-09-11 08:30:19'),
(1212, 3, 'admin/lesson-types/create', 'GET', '127.0.0.1', '[]', '2024-09-11 08:30:21', '2024-09-11 08:30:21'),
(1213, 3, 'admin/lesson-types', 'POST', '127.0.0.1', '{\"lesson_id\":\"5\",\"search_terms\":null,\"_token\":\"V9wVUlzbDT2LoNYwKyBf1rAwMhYO9wWbSERwrCmq\"}', '2024-09-11 08:30:39', '2024-09-11 08:30:39'),
(1214, 3, 'admin/lesson-types', 'GET', '127.0.0.1', '[]', '2024-09-11 08:30:40', '2024-09-11 08:30:40'),
(1215, 3, 'admin/categories', 'GET', '127.0.0.1', '[]', '2024-09-11 08:32:17', '2024-09-11 08:32:17'),
(1216, 3, 'admin/categories/create', 'GET', '127.0.0.1', '[]', '2024-09-11 08:32:19', '2024-09-11 08:32:19'),
(1217, 3, 'admin/categories', 'POST', '127.0.0.1', '{\"name\":\"Electrical Engineering\",\"description\":\"Electrical and Electronic Engineering\",\"_token\":\"V9wVUlzbDT2LoNYwKyBf1rAwMhYO9wWbSERwrCmq\"}', '2024-09-11 08:32:48', '2024-09-11 08:32:48'),
(1218, 3, 'admin/categories', 'GET', '127.0.0.1', '[]', '2024-09-11 08:32:49', '2024-09-11 08:32:49'),
(1219, 3, 'admin/categories/3/edit', 'GET', '127.0.0.1', '[]', '2024-09-11 08:33:00', '2024-09-11 08:33:00'),
(1220, 3, 'admin/categories/3', 'PUT', '127.0.0.1', '{\"name\":\"Mechanical Engineering\",\"description\":\"Mechanical Is a department under the mechanical professional\",\"_token\":\"V9wVUlzbDT2LoNYwKyBf1rAwMhYO9wWbSERwrCmq\",\"_method\":\"PUT\"}', '2024-09-11 08:33:05', '2024-09-11 08:33:05'),
(1221, 3, 'admin/categories', 'GET', '127.0.0.1', '[]', '2024-09-11 08:33:05', '2024-09-11 08:33:05'),
(1222, 3, 'admin/courses', 'GET', '127.0.0.1', '[]', '2024-09-11 08:33:28', '2024-09-11 08:33:28'),
(1223, 3, 'admin/instructors', 'GET', '127.0.0.1', '[]', '2024-09-11 08:33:36', '2024-09-11 08:33:36'),
(1224, 3, 'admin/instructors/7/edit', 'GET', '127.0.0.1', '[]', '2024-09-11 08:33:42', '2024-09-11 08:33:42'),
(1225, 3, 'admin/instructors/7', 'PUT', '127.0.0.1', '{\"user_id\":\"10\",\"search_terms\":null,\"instructor_description\":\"f is f\",\"categories_id\":\"4\",\"_token\":\"V9wVUlzbDT2LoNYwKyBf1rAwMhYO9wWbSERwrCmq\",\"_method\":\"PUT\"}', '2024-09-11 08:33:50', '2024-09-11 08:33:50'),
(1226, 3, 'admin/instructors', 'GET', '127.0.0.1', '[]', '2024-09-11 08:33:51', '2024-09-11 08:33:51'),
(1227, 3, 'admin/auth/logout', 'GET', '127.0.0.1', '[]', '2024-09-11 08:33:56', '2024-09-11 08:33:56'),
(1228, 4, 'admin', 'GET', '127.0.0.1', '[]', '2024-09-11 08:34:03', '2024-09-11 08:34:03'),
(1229, 4, 'admin/categories', 'GET', '127.0.0.1', '[]', '2024-09-11 08:34:18', '2024-09-11 08:34:18'),
(1230, 4, 'admin/courses', 'GET', '127.0.0.1', '[]', '2024-09-11 08:34:22', '2024-09-11 08:34:22'),
(1231, 4, 'admin/courses/create', 'GET', '127.0.0.1', '[]', '2024-09-11 08:34:24', '2024-09-11 08:34:24'),
(1232, 4, 'admin/courses', 'POST', '127.0.0.1', '{\"name\":\"ele\",\"instructor_id\":\"7\",\"search_terms\":null,\"title\":\"ele\",\"description\":\"elelelele\",\"price\":\"5\",\"categories_id\":\"4\",\"language\":\"eng\",\"_token\":\"4sApB1tz2z7vxbvq2eSmMWvQ8kfe5ustDHz8xwDx\"}', '2024-09-11 08:34:47', '2024-09-11 08:34:47'),
(1233, 4, 'admin/courses', 'GET', '127.0.0.1', '[]', '2024-09-11 08:34:47', '2024-09-11 08:34:47'),
(1234, 4, 'admin/courses/32/edit', 'GET', '127.0.0.1', '[]', '2024-09-11 08:39:40', '2024-09-11 08:39:40'),
(1235, 4, 'admin/courses/32', 'PUT', '127.0.0.1', '{\"name\":\"ele\",\"instructor_id\":\"7\",\"search_terms\":null,\"title\":\"ele\",\"description\":\"elelelele\",\"price\":\"5.00\",\"categories_id\":\"4\",\"language\":\"eng\",\"_token\":\"4sApB1tz2z7vxbvq2eSmMWvQ8kfe5ustDHz8xwDx\",\"_method\":\"PUT\"}', '2024-09-11 08:39:47', '2024-09-11 08:39:47'),
(1236, 4, 'admin/courses', 'GET', '127.0.0.1', '[]', '2024-09-11 08:39:48', '2024-09-11 08:39:48');

-- --------------------------------------------------------

--
-- Table structure for table `admin_permissions`
--

CREATE TABLE `admin_permissions` (
  `id` int(10) UNSIGNED NOT NULL,
  `name` varchar(50) COLLATE utf8mb4_unicode_ci NOT NULL,
  `slug` varchar(50) COLLATE utf8mb4_unicode_ci NOT NULL,
  `http_method` varchar(255) COLLATE utf8mb4_unicode_ci DEFAULT NULL,
  `http_path` text COLLATE utf8mb4_unicode_ci DEFAULT NULL,
  `created_at` timestamp NULL DEFAULT NULL,
  `updated_at` timestamp NULL DEFAULT NULL
) ENGINE=InnoDB DEFAULT CHARSET=utf8mb4 COLLATE=utf8mb4_unicode_ci;

--
-- Dumping data for table `admin_permissions`
--

INSERT INTO `admin_permissions` (`id`, `name`, `slug`, `http_method`, `http_path`, `created_at`, `updated_at`) VALUES
(1, 'All permission', '*', '', '*', NULL, NULL),
(2, 'Dashboard', 'dashboard', 'GET', '/', NULL, NULL),
(3, 'Login', 'auth.login', '', '/auth/login\r\n/auth/logout', NULL, NULL),
(4, 'User setting', 'auth.setting', 'GET,PUT', '/auth/setting', NULL, NULL),
(5, 'Auth management', 'auth.management', '', '/auth/roles\r\n/auth/permissions\r\n/auth/menu\r\n/auth/logs', NULL, NULL),
(6, 'Admin helpers', 'ext.helpers', '', '/helpers/*', '2024-09-06 05:35:13', '2024-09-06 05:35:13'),
(8, 'can access user', 'can access user', 'GET,HEAD,DELETE,POST,PUT', 'http://127.0.0.1:8000/admin/users', '2024-09-10 05:33:30', '2024-09-10 05:33:30');

-- --------------------------------------------------------

--
-- Table structure for table `admin_roles`
--

CREATE TABLE `admin_roles` (
  `id` int(10) UNSIGNED NOT NULL,
  `name` varchar(50) COLLATE utf8mb4_unicode_ci NOT NULL,
  `slug` varchar(50) COLLATE utf8mb4_unicode_ci NOT NULL,
  `created_at` timestamp NULL DEFAULT NULL,
  `updated_at` timestamp NULL DEFAULT NULL
) ENGINE=InnoDB DEFAULT CHARSET=utf8mb4 COLLATE=utf8mb4_unicode_ci;

--
-- Dumping data for table `admin_roles`
--

INSERT INTO `admin_roles` (`id`, `name`, `slug`, `created_at`, `updated_at`) VALUES
(1, 'Administrator', 'administrator', '2024-09-06 05:08:54', '2024-09-06 05:08:54'),
(2, 'instructor', 'instructor', '2024-09-06 06:32:44', '2024-09-06 06:32:44'),
(3, 'user', 'user', '2024-09-06 06:35:09', '2024-09-06 06:35:09');

-- --------------------------------------------------------

--
-- Table structure for table `admin_role_menu`
--

CREATE TABLE `admin_role_menu` (
  `role_id` int(11) NOT NULL,
  `menu_id` int(11) NOT NULL,
  `created_at` timestamp NULL DEFAULT NULL,
  `updated_at` timestamp NULL DEFAULT NULL
) ENGINE=InnoDB DEFAULT CHARSET=utf8mb4 COLLATE=utf8mb4_unicode_ci;

--
-- Dumping data for table `admin_role_menu`
--

INSERT INTO `admin_role_menu` (`role_id`, `menu_id`, `created_at`, `updated_at`) VALUES
(1, 2, NULL, NULL);

-- --------------------------------------------------------

--
-- Table structure for table `admin_role_permissions`
--

CREATE TABLE `admin_role_permissions` (
  `role_id` int(11) NOT NULL,
  `permission_id` int(11) NOT NULL,
  `created_at` timestamp NULL DEFAULT NULL,
  `updated_at` timestamp NULL DEFAULT NULL
) ENGINE=InnoDB DEFAULT CHARSET=utf8mb4 COLLATE=utf8mb4_unicode_ci;

--
-- Dumping data for table `admin_role_permissions`
--

INSERT INTO `admin_role_permissions` (`role_id`, `permission_id`, `created_at`, `updated_at`) VALUES
(1, 1, NULL, NULL),
(3, 2, NULL, NULL),
(3, 3, NULL, NULL),
(3, 4, NULL, NULL),
(2, 1, NULL, NULL);

-- --------------------------------------------------------

--
-- Table structure for table `admin_role_users`
--

CREATE TABLE `admin_role_users` (
  `role_id` int(11) NOT NULL,
  `user_id` int(11) NOT NULL,
  `created_at` timestamp NULL DEFAULT NULL,
  `updated_at` timestamp NULL DEFAULT NULL
) ENGINE=InnoDB DEFAULT CHARSET=utf8mb4 COLLATE=utf8mb4_unicode_ci;

--
-- Dumping data for table `admin_role_users`
--

INSERT INTO `admin_role_users` (`role_id`, `user_id`, `created_at`, `updated_at`) VALUES
(1, 1, NULL, NULL),
(2, 2, NULL, NULL),
(2, 3, NULL, NULL),
(2, 4, NULL, NULL);

-- --------------------------------------------------------

--
-- Table structure for table `admin_users`
--

CREATE TABLE `admin_users` (
  `id` int(10) UNSIGNED NOT NULL,
  `username` varchar(190) COLLATE utf8mb4_unicode_ci NOT NULL,
  `password` varchar(60) COLLATE utf8mb4_unicode_ci NOT NULL,
  `name` varchar(255) COLLATE utf8mb4_unicode_ci NOT NULL,
  `avatar` varchar(255) COLLATE utf8mb4_unicode_ci DEFAULT NULL,
  `remember_token` varchar(100) COLLATE utf8mb4_unicode_ci DEFAULT NULL,
  `created_at` timestamp NULL DEFAULT NULL,
  `updated_at` timestamp NULL DEFAULT NULL
) ENGINE=InnoDB DEFAULT CHARSET=utf8mb4 COLLATE=utf8mb4_unicode_ci;

--
-- Dumping data for table `admin_users`
--

INSERT INTO `admin_users` (`id`, `username`, `password`, `name`, `avatar`, `remember_token`, `created_at`, `updated_at`) VALUES
(1, 'admin', '$2y$10$AcW2HTzvOfzW5sGwvi3IwOohaypkn24mK/IYpBIjUV0z/WOEa2d/W', 'admin', NULL, NULL, NULL, NULL),
(2, 'instructor', '$2y$12$/Nmy1guhpkPoNTuYZWO5reOJu7yJlx7U3whIoZgj0cwinMXgRVXIK', 'instructor', NULL, NULL, '2024-09-09 07:45:21', '2024-09-09 07:45:21'),
(3, 'doe', '$2y$12$Pl1FJDZGF6cnfvQXbIGhguksF34/57VOb/.GQgRYpIh/yUMbZXgee', 'doe', 'images/download (8)_1.png', NULL, '2024-09-11 06:02:35', '2024-09-11 06:02:35'),
(4, 'f', '$2y$12$hTO.wsuu/e4K.NCiEDmZTeIDFP9n44Cc/5iy4qTrkV2fiP6Ewh.gS', 'f', NULL, NULL, '2024-09-11 07:32:14', '2024-09-11 07:32:14');

-- --------------------------------------------------------

--
-- Table structure for table `admin_user_permissions`
--

CREATE TABLE `admin_user_permissions` (
  `user_id` int(11) NOT NULL,
  `permission_id` int(11) NOT NULL,
  `created_at` timestamp NULL DEFAULT NULL,
  `updated_at` timestamp NULL DEFAULT NULL
) ENGINE=InnoDB DEFAULT CHARSET=utf8mb4 COLLATE=utf8mb4_unicode_ci;

--
-- Dumping data for table `admin_user_permissions`
--

INSERT INTO `admin_user_permissions` (`user_id`, `permission_id`, `created_at`, `updated_at`) VALUES
(3, 1, NULL, NULL),
(4, 1, NULL, NULL);

-- --------------------------------------------------------

--
-- Table structure for table `carts`
--

CREATE TABLE `carts` (
  `id` int(10) UNSIGNED NOT NULL,
  `quantity` int(11) DEFAULT NULL,
  `course_id` bigint(20) UNSIGNED NOT NULL,
  `user_id` bigint(20) UNSIGNED NOT NULL,
  `created_at` timestamp NULL DEFAULT NULL,
  `updated_at` timestamp NULL DEFAULT NULL
) ENGINE=InnoDB DEFAULT CHARSET=utf8mb4 COLLATE=utf8mb4_unicode_ci;

-- --------------------------------------------------------

--
-- Table structure for table `categories`
--

CREATE TABLE `categories` (
  `id` bigint(20) UNSIGNED NOT NULL,
  `name` varchar(255) COLLATE utf8mb4_unicode_ci NOT NULL,
  `description` text COLLATE utf8mb4_unicode_ci DEFAULT NULL,
  `created_at` timestamp NULL DEFAULT NULL,
  `updated_at` timestamp NULL DEFAULT NULL
) ENGINE=InnoDB DEFAULT CHARSET=utf8mb4 COLLATE=utf8mb4_unicode_ci;

--
-- Dumping data for table `categories`
--

INSERT INTO `categories` (`id`, `name`, `description`, `created_at`, `updated_at`) VALUES
(1, 'ICT', 'Computer Science and Information Technology', '2024-09-09 05:34:01', '2024-09-09 05:34:01'),
(3, 'Mechanical Engineering', 'Mechanical Is a department under the mechanical professional', '2024-09-11 05:52:47', '2024-09-11 08:33:05'),
(4, 'Electrical Engineering', 'Electrical and Electronic Engineering', '2024-09-11 08:32:48', '2024-09-11 08:32:48');

-- --------------------------------------------------------

--
-- Table structure for table `courses`
--

CREATE TABLE `courses` (
  `id` bigint(20) UNSIGNED NOT NULL,
  `name` varchar(255) COLLATE utf8mb4_unicode_ci NOT NULL,
  `instructor_id` bigint(20) UNSIGNED NOT NULL,
  `title` varchar(255) COLLATE utf8mb4_unicode_ci NOT NULL,
  `description` text COLLATE utf8mb4_unicode_ci NOT NULL,
  `price` decimal(8,2) NOT NULL,
  `categories_id` bigint(20) UNSIGNED NOT NULL,
  `language` varchar(255) COLLATE utf8mb4_unicode_ci NOT NULL,
  `thumbnail` varchar(255) COLLATE utf8mb4_unicode_ci DEFAULT NULL,
  `created_at` timestamp NULL DEFAULT NULL,
  `updated_at` timestamp NULL DEFAULT NULL
) ENGINE=InnoDB DEFAULT CHARSET=utf8mb4 COLLATE=utf8mb4_unicode_ci;

--
-- Dumping data for table `courses`
--

INSERT INTO `courses` (`id`, `name`, `instructor_id`, `title`, `description`, `price`, `categories_id`, `language`, `thumbnail`, `created_at`, `updated_at`) VALUES
(5, 'Web Design', 4, 'Web', 'Learn', '20000.00', 1, 'Html', 'files/HTML-5-Badge-Logo_3.png', '2024-09-09 07:40:53', '2024-09-10 09:00:00'),
(6, 'Python', 4, 'Python Bootcamp', 'Python bootcamp is a course designed to give both beginner and experienced programmers to learn it in a very cumulative slope', '5500.00', 1, 'English', 'files/bootcamp-gdsc.png', '2024-09-10 15:30:28', '2024-09-10 15:30:28'),
(31, 'Engine wiring', 6, 'Workshop for engine wiring', 'Get started to learn how to wire any car engine on your fingertip', '50000.00', 3, 'English, Swahili', 'files/easy-installation_4.png', '2024-09-11 08:05:49', '2024-09-11 08:05:49'),
(32, 'ele', 7, 'ele', 'elelelele', '5.00', 4, 'eng', 'files/atc logo_1.png', '2024-09-11 08:34:47', '2024-09-11 08:39:47');

-- --------------------------------------------------------

--
-- Table structure for table `enrollments`
--

CREATE TABLE `enrollments` (
  `id` bigint(20) UNSIGNED NOT NULL,
  `user_id` bigint(20) UNSIGNED NOT NULL,
  `course_id` bigint(20) UNSIGNED NOT NULL,
  `status` enum('enrolled','not enrolled','completed','cancelled') COLLATE utf8mb4_unicode_ci NOT NULL DEFAULT 'not enrolled',
  `created_at` timestamp NULL DEFAULT NULL,
  `updated_at` timestamp NULL DEFAULT NULL
) ENGINE=InnoDB DEFAULT CHARSET=utf8mb4 COLLATE=utf8mb4_unicode_ci;

--
-- Dumping data for table `enrollments`
--

INSERT INTO `enrollments` (`id`, `user_id`, `course_id`, `status`, `created_at`, `updated_at`) VALUES
(15, 8, 6, 'enrolled', '2024-09-11 07:04:49', '2024-09-11 07:04:49');

-- --------------------------------------------------------

--
-- Table structure for table `failed_jobs`
--

CREATE TABLE `failed_jobs` (
  `id` bigint(20) UNSIGNED NOT NULL,
  `uuid` varchar(255) COLLATE utf8mb4_unicode_ci NOT NULL,
  `connection` text COLLATE utf8mb4_unicode_ci NOT NULL,
  `queue` text COLLATE utf8mb4_unicode_ci NOT NULL,
  `payload` longtext COLLATE utf8mb4_unicode_ci NOT NULL,
  `exception` longtext COLLATE utf8mb4_unicode_ci NOT NULL,
  `failed_at` timestamp NOT NULL DEFAULT current_timestamp()
) ENGINE=InnoDB DEFAULT CHARSET=utf8mb4 COLLATE=utf8mb4_unicode_ci;

-- --------------------------------------------------------

--
-- Table structure for table `instructor`
--

CREATE TABLE `instructor` (
  `id` bigint(20) UNSIGNED NOT NULL,
  `instructor_description` varchar(255) COLLATE utf8mb4_unicode_ci NOT NULL,
  `user_id` bigint(20) UNSIGNED NOT NULL,
  `categories_id` bigint(20) UNSIGNED NOT NULL,
  `created_at` timestamp NULL DEFAULT NULL,
  `updated_at` timestamp NULL DEFAULT NULL
) ENGINE=InnoDB DEFAULT CHARSET=utf8mb4 COLLATE=utf8mb4_unicode_ci;

--
-- Dumping data for table `instructor`
--

INSERT INTO `instructor` (`id`, `instructor_description`, `user_id`, `categories_id`, `created_at`, `updated_at`) VALUES
(2, 'PhD in Computer Science with 10+ years of experience in teaching Python.', 4, 1, '2024-09-09 05:34:19', '2024-09-09 05:36:40'),
(3, 'PhD in Computer Science with 10+ years of experience in teaching Python.', 7, 1, '2024-09-09 09:11:43', '2024-09-09 09:11:43'),
(4, 'PhD in Computer Science with 10+ years of experience in teaching Python.', 4, 1, '2024-09-10 03:54:45', '2024-09-10 03:54:45'),
(5, 'He is an expert in car driving', 7, 3, '2024-09-11 05:55:55', '2024-09-11 05:55:55'),
(6, 'Experienced as a car mechanics', 9, 3, '2024-09-11 07:21:36', '2024-09-11 07:21:36'),
(7, 'f is f', 10, 4, '2024-09-11 07:37:10', '2024-09-11 08:33:51');

-- --------------------------------------------------------

--
-- Table structure for table `lessons`
--

CREATE TABLE `lessons` (
  `id` bigint(20) UNSIGNED NOT NULL,
  `course_id` bigint(20) UNSIGNED NOT NULL,
  `title` varchar(255) COLLATE utf8mb4_unicode_ci NOT NULL,
  `description` varchar(255) COLLATE utf8mb4_unicode_ci NOT NULL,
  `duration` int(11) NOT NULL,
  `created_at` timestamp NULL DEFAULT NULL,
  `updated_at` timestamp NULL DEFAULT NULL
) ENGINE=InnoDB DEFAULT CHARSET=utf8mb4 COLLATE=utf8mb4_unicode_ci;

--
-- Dumping data for table `lessons`
--

INSERT INTO `lessons` (`id`, `course_id`, `title`, `description`, `duration`, `created_at`, `updated_at`) VALUES
(1, 5, 'Introduction to web design', 'This is the introduction of the course, it includes what you will learn what it will prepare you for the next lessons', 20, '2024-09-10 04:14:28', '2024-09-10 13:20:02'),
(2, 5, 'Structure of HTML document', 'This give you a base understanding of the HTML document, how to create it, write and use HTML tags to create a meaningful structure', 10, '2024-09-10 13:20:30', '2024-09-10 13:20:30'),
(3, 6, 'Introduction to Python', 'Learn the basics concept of python', 5, '2024-09-10 17:02:07', '2024-09-10 17:02:07'),
(4, 6, 'Functions in Python', 'You will learn how to define and invoke function in python programming language', 5, '2024-09-10 18:23:02', '2024-09-10 18:23:02'),
(5, 31, 'Introduction to engine', 'Engine is the engine', 5, '2024-09-11 08:30:15', '2024-09-11 08:30:15');

-- --------------------------------------------------------

--
-- Table structure for table `lesson_types`
--

CREATE TABLE `lesson_types` (
  `id` bigint(20) UNSIGNED NOT NULL,
  `reading` varchar(255) COLLATE utf8mb4_unicode_ci DEFAULT NULL,
  `video` varchar(255) COLLATE utf8mb4_unicode_ci DEFAULT NULL,
  `lesson_id` bigint(20) UNSIGNED NOT NULL,
  `created_at` timestamp NULL DEFAULT NULL,
  `updated_at` timestamp NULL DEFAULT NULL
) ENGINE=InnoDB DEFAULT CHARSET=utf8mb4 COLLATE=utf8mb4_unicode_ci;

--
-- Dumping data for table `lesson_types`
--

INSERT INTO `lesson_types` (`id`, `reading`, `video`, `lesson_id`, `created_at`, `updated_at`) VALUES
(1, 'articles/Web Dev Assessment_1.pdf', NULL, 1, '2024-09-10 09:13:52', '2024-09-10 09:13:52'),
(2, 'articles/eloquent.txt', NULL, 1, '2024-09-10 13:09:11', '2024-09-10 13:09:11'),
(3, 'articles/Expense tracker palette.pdf', NULL, 2, '2024-09-10 13:21:08', '2024-09-10 13:21:08'),
(4, 'articles/Expense tracker palette_1.pdf', NULL, 3, '2024-09-10 17:02:42', '2024-09-10 17:02:42'),
(5, 'articles/phone_based_electricity_metering].pdf', NULL, 4, '2024-09-10 18:23:41', '2024-09-10 18:23:41'),
(6, 'articles/Expense tracker palette_2.pdf', NULL, 5, '2024-09-11 08:30:39', '2024-09-11 08:30:39');

-- --------------------------------------------------------

--
-- Table structure for table `migrations`
--

CREATE TABLE `migrations` (
  `id` int(10) UNSIGNED NOT NULL,
  `migration` varchar(255) COLLATE utf8mb4_unicode_ci NOT NULL,
  `batch` int(11) NOT NULL
) ENGINE=InnoDB DEFAULT CHARSET=utf8mb4 COLLATE=utf8mb4_unicode_ci;

--
-- Dumping data for table `migrations`
--

INSERT INTO `migrations` (`id`, `migration`, `batch`) VALUES
(1, '2014_10_12_100000_create_password_reset_tokens_table', 1),
(2, '2014_10_12_100000_create_password_resets_table', 1),
(3, '2019_08_19_000000_create_failed_jobs_table', 1),
(4, '2019_12_14_000001_create_personal_access_tokens_table', 1),
(5, '2024_08_28_085955_create_categories_table', 1),
(6, '2024_08_29_134611_create_roles_table', 2),
(7, '2024_08_29_140016_create_users_table', 3),
(8, '2024_08_28_092215_create_instructor_table', 4),
(9, '2024_08_28_092614_create_courses_table', 5),
(10, '2016_01_04_173148_create_admin_tables', 6),
(11, '2024_09_09_105330_create_lessons_table', 7),
(12, '2024_09_09_105409_create_lesson_types_table', 7),
(13, '2024_09_09_113158_create_lessons_table', 8),
(14, '2024_09_09_113201_create_lesson_types_table', 9),
(15, '2024_09_10_081201_create_enrollments_table', 10),
(16, '2024_09_10_165826_create_carts_table', 11),
(17, '2024_09_10_175205_create_carts_table', 12);

-- --------------------------------------------------------

--
-- Table structure for table `password_resets`
--

CREATE TABLE `password_resets` (
  `email` varchar(255) COLLATE utf8mb4_unicode_ci NOT NULL,
  `token` varchar(255) COLLATE utf8mb4_unicode_ci NOT NULL,
  `created_at` timestamp NULL DEFAULT NULL
) ENGINE=InnoDB DEFAULT CHARSET=utf8mb4 COLLATE=utf8mb4_unicode_ci;

-- --------------------------------------------------------

--
-- Table structure for table `password_reset_tokens`
--

CREATE TABLE `password_reset_tokens` (
  `email` varchar(255) COLLATE utf8mb4_unicode_ci NOT NULL,
  `token` varchar(255) COLLATE utf8mb4_unicode_ci NOT NULL,
  `created_at` timestamp NULL DEFAULT NULL
) ENGINE=InnoDB DEFAULT CHARSET=utf8mb4 COLLATE=utf8mb4_unicode_ci;

-- --------------------------------------------------------

--
-- Table structure for table `personal_access_tokens`
--

CREATE TABLE `personal_access_tokens` (
  `id` bigint(20) UNSIGNED NOT NULL,
  `tokenable_type` varchar(255) COLLATE utf8mb4_unicode_ci NOT NULL,
  `tokenable_id` bigint(20) UNSIGNED NOT NULL,
  `name` varchar(255) COLLATE utf8mb4_unicode_ci NOT NULL,
  `token` varchar(64) COLLATE utf8mb4_unicode_ci NOT NULL,
  `abilities` text COLLATE utf8mb4_unicode_ci DEFAULT NULL,
  `last_used_at` timestamp NULL DEFAULT NULL,
  `expires_at` timestamp NULL DEFAULT NULL,
  `created_at` timestamp NULL DEFAULT NULL,
  `updated_at` timestamp NULL DEFAULT NULL
) ENGINE=InnoDB DEFAULT CHARSET=utf8mb4 COLLATE=utf8mb4_unicode_ci;

-- --------------------------------------------------------

--
-- Table structure for table `roles`
--

CREATE TABLE `roles` (
  `id` bigint(20) UNSIGNED NOT NULL,
  `roles` varchar(255) COLLATE utf8mb4_unicode_ci NOT NULL,
  `created_at` timestamp NULL DEFAULT NULL,
  `updated_at` timestamp NULL DEFAULT NULL
) ENGINE=InnoDB DEFAULT CHARSET=utf8mb4 COLLATE=utf8mb4_unicode_ci;

-- --------------------------------------------------------

--
-- Table structure for table `users`
--

CREATE TABLE `users` (
  `id` bigint(20) UNSIGNED NOT NULL,
  `name` varchar(255) COLLATE utf8mb4_unicode_ci NOT NULL,
  `username` varchar(255) COLLATE utf8mb4_unicode_ci NOT NULL,
  `email` varchar(255) COLLATE utf8mb4_unicode_ci NOT NULL,
  `profile` varchar(255) COLLATE utf8mb4_unicode_ci DEFAULT NULL,
  `role_id` int(10) UNSIGNED DEFAULT 3,
  `email_verified_at` timestamp NULL DEFAULT NULL,
  `password` varchar(255) COLLATE utf8mb4_unicode_ci NOT NULL,
  `remember_token` varchar(100) COLLATE utf8mb4_unicode_ci DEFAULT NULL,
  `created_at` timestamp NULL DEFAULT NULL,
  `updated_at` timestamp NULL DEFAULT NULL
) ENGINE=InnoDB DEFAULT CHARSET=utf8mb4 COLLATE=utf8mb4_unicode_ci;

--
-- Dumping data for table `users`
--

INSERT INTO `users` (`id`, `name`, `username`, `email`, `profile`, `role_id`, `email_verified_at`, `password`, `remember_token`, `created_at`, `updated_at`) VALUES
(3, 'fabio', 'fabio', 'fabiomunez5@gmail.com', 'images/kaos.jpg', 3, '2024-09-10 13:25:06', '$2y$12$AzQt/hE9HDdkVRXs4paHKemBGi2aUKBN558iseWgbIZffDdqbRS9u', 's4ztJJGLvotSDDklsPNuTkqHPSIt6VFUOoZBvLCR4jaIXDdVUBp6xIsBscDc', '2024-09-09 04:28:17', '2024-09-09 05:24:13'),
(4, 'instructor', 'instructor', 'instructor@gmail.com', NULL, 2, '2024-09-09 05:35:40', '$2y$12$wBY3eMZavIEV40U/B672tuHCJszfg6YBTUGk/GeudxH2L7q3PjUsS', NULL, '2024-09-09 05:36:18', '2024-09-09 05:36:18'),
(7, 'john', 'john', 'john@gmail.com', 'images/kaos_2.jpg', 2, '2024-09-09 09:00:29', '$2y$12$bLL4n9zaO.IJy3KdM8CrVeRgGJWTtvx1eskol1zq7A1VE8estp8ke', NULL, '2024-09-09 09:00:57', '2024-09-09 09:00:57'),
(8, 'ishak', 'ishak', 'ishak@gmail.com', NULL, 3, NULL, '$2y$12$1koyEPIHpTdfo01Lrak2xu94SjQWRYEXGRzfKpVrePTAJFn3RnrBq', NULL, '2024-09-10 14:50:11', '2024-09-10 14:50:11'),
(9, 'Doe', 'doe', 'doe@gmail.com', 'images/download (8).png', 2, '2024-09-11 05:57:13', '$2y$12$9WKDqfyhm54NYc3EqAe7qOZjF1.iDa09j.U0wEKrXNcgk6dr3qis.', NULL, '2024-09-11 05:57:50', '2024-09-11 05:57:50'),
(10, 'f', 'f', 'f@g.com', NULL, 2, '2024-09-11 07:29:42', '$2y$12$TOJvMaTvFiDhdbrGrc5coug2hh20YhVwyitRI3.yuE8u.r2uRwMje', NULL, '2024-09-11 07:30:07', '2024-09-11 07:30:07');

--
-- Indexes for dumped tables
--

--
-- Indexes for table `admin_menu`
--
ALTER TABLE `admin_menu`
  ADD PRIMARY KEY (`id`);

--
-- Indexes for table `admin_operation_log`
--
ALTER TABLE `admin_operation_log`
  ADD PRIMARY KEY (`id`),
  ADD KEY `admin_operation_log_user_id_index` (`user_id`);

--
-- Indexes for table `admin_permissions`
--
ALTER TABLE `admin_permissions`
  ADD PRIMARY KEY (`id`),
  ADD UNIQUE KEY `admin_permissions_name_unique` (`name`),
  ADD UNIQUE KEY `admin_permissions_slug_unique` (`slug`);

--
-- Indexes for table `admin_roles`
--
ALTER TABLE `admin_roles`
  ADD PRIMARY KEY (`id`),
  ADD UNIQUE KEY `admin_roles_name_unique` (`name`),
  ADD UNIQUE KEY `admin_roles_slug_unique` (`slug`);

--
-- Indexes for table `admin_role_menu`
--
ALTER TABLE `admin_role_menu`
  ADD KEY `admin_role_menu_role_id_menu_id_index` (`role_id`,`menu_id`);

--
-- Indexes for table `admin_role_permissions`
--
ALTER TABLE `admin_role_permissions`
  ADD KEY `admin_role_permissions_role_id_permission_id_index` (`role_id`,`permission_id`);

--
-- Indexes for table `admin_role_users`
--
ALTER TABLE `admin_role_users`
  ADD KEY `admin_role_users_role_id_user_id_index` (`role_id`,`user_id`);

--
-- Indexes for table `admin_users`
--
ALTER TABLE `admin_users`
  ADD PRIMARY KEY (`id`);

--
-- Indexes for table `admin_user_permissions`
--
ALTER TABLE `admin_user_permissions`
  ADD KEY `admin_user_permissions_user_id_permission_id_index` (`user_id`,`permission_id`);

--
-- Indexes for table `carts`
--
ALTER TABLE `carts`
  ADD PRIMARY KEY (`id`),
  ADD KEY `carts_course_id_foreign` (`course_id`),
  ADD KEY `carts_user_id_foreign` (`user_id`);

--
-- Indexes for table `categories`
--
ALTER TABLE `categories`
  ADD PRIMARY KEY (`id`);

--
-- Indexes for table `courses`
--
ALTER TABLE `courses`
  ADD PRIMARY KEY (`id`),
  ADD KEY `courses_categories_id_foreign` (`categories_id`),
  ADD KEY `courses_instructor_id_foreign` (`instructor_id`);

--
-- Indexes for table `enrollments`
--
ALTER TABLE `enrollments`
  ADD PRIMARY KEY (`id`),
  ADD KEY `enrollments_user_id_foreign` (`user_id`),
  ADD KEY `enrollments_course_id_foreign` (`course_id`);

--
-- Indexes for table `failed_jobs`
--
ALTER TABLE `failed_jobs`
  ADD PRIMARY KEY (`id`),
  ADD UNIQUE KEY `failed_jobs_uuid_unique` (`uuid`);

--
-- Indexes for table `instructor`
--
ALTER TABLE `instructor`
  ADD PRIMARY KEY (`id`),
  ADD KEY `instructor_user_id_foreign` (`user_id`),
  ADD KEY `instructor_categories_id_foreign` (`categories_id`);

--
-- Indexes for table `lessons`
--
ALTER TABLE `lessons`
  ADD PRIMARY KEY (`id`),
  ADD KEY `lessons_course_id_foreign` (`course_id`);

--
-- Indexes for table `lesson_types`
--
ALTER TABLE `lesson_types`
  ADD PRIMARY KEY (`id`),
  ADD KEY `lesson_types_lesson_id_foreign` (`lesson_id`);

--
-- Indexes for table `migrations`
--
ALTER TABLE `migrations`
  ADD PRIMARY KEY (`id`);

--
-- Indexes for table `password_resets`
--
ALTER TABLE `password_resets`
  ADD KEY `password_resets_email_index` (`email`);

--
-- Indexes for table `password_reset_tokens`
--
ALTER TABLE `password_reset_tokens`
  ADD PRIMARY KEY (`email`);

--
-- Indexes for table `personal_access_tokens`
--
ALTER TABLE `personal_access_tokens`
  ADD PRIMARY KEY (`id`),
  ADD UNIQUE KEY `personal_access_tokens_token_unique` (`token`),
  ADD KEY `personal_access_tokens_tokenable_type_tokenable_id_index` (`tokenable_type`,`tokenable_id`);

--
-- Indexes for table `roles`
--
ALTER TABLE `roles`
  ADD PRIMARY KEY (`id`);

--
-- Indexes for table `users`
--
ALTER TABLE `users`
  ADD PRIMARY KEY (`id`),
  ADD UNIQUE KEY `users_email_unique` (`email`),
  ADD KEY `role_id` (`role_id`);

--
-- AUTO_INCREMENT for dumped tables
--

--
-- AUTO_INCREMENT for table `admin_menu`
--
ALTER TABLE `admin_menu`
  MODIFY `id` int(10) UNSIGNED NOT NULL AUTO_INCREMENT, AUTO_INCREMENT=26;

--
-- AUTO_INCREMENT for table `admin_operation_log`
--
ALTER TABLE `admin_operation_log`
  MODIFY `id` int(10) UNSIGNED NOT NULL AUTO_INCREMENT, AUTO_INCREMENT=1237;

--
-- AUTO_INCREMENT for table `admin_permissions`
--
ALTER TABLE `admin_permissions`
  MODIFY `id` int(10) UNSIGNED NOT NULL AUTO_INCREMENT, AUTO_INCREMENT=9;

--
-- AUTO_INCREMENT for table `admin_roles`
--
ALTER TABLE `admin_roles`
  MODIFY `id` int(10) UNSIGNED NOT NULL AUTO_INCREMENT, AUTO_INCREMENT=5;

--
-- AUTO_INCREMENT for table `admin_users`
--
ALTER TABLE `admin_users`
  MODIFY `id` int(10) UNSIGNED NOT NULL AUTO_INCREMENT, AUTO_INCREMENT=5;

--
-- AUTO_INCREMENT for table `carts`
--
ALTER TABLE `carts`
  MODIFY `id` int(10) UNSIGNED NOT NULL AUTO_INCREMENT, AUTO_INCREMENT=13;

--
-- AUTO_INCREMENT for table `categories`
--
ALTER TABLE `categories`
  MODIFY `id` bigint(20) UNSIGNED NOT NULL AUTO_INCREMENT, AUTO_INCREMENT=5;

--
-- AUTO_INCREMENT for table `courses`
--
ALTER TABLE `courses`
  MODIFY `id` bigint(20) UNSIGNED NOT NULL AUTO_INCREMENT, AUTO_INCREMENT=33;

--
-- AUTO_INCREMENT for table `enrollments`
--
ALTER TABLE `enrollments`
  MODIFY `id` bigint(20) UNSIGNED NOT NULL AUTO_INCREMENT, AUTO_INCREMENT=16;

--
-- AUTO_INCREMENT for table `failed_jobs`
--
ALTER TABLE `failed_jobs`
  MODIFY `id` bigint(20) UNSIGNED NOT NULL AUTO_INCREMENT;

--
-- AUTO_INCREMENT for table `instructor`
--
ALTER TABLE `instructor`
  MODIFY `id` bigint(20) UNSIGNED NOT NULL AUTO_INCREMENT, AUTO_INCREMENT=8;

--
-- AUTO_INCREMENT for table `lessons`
--
ALTER TABLE `lessons`
  MODIFY `id` bigint(20) UNSIGNED NOT NULL AUTO_INCREMENT, AUTO_INCREMENT=6;

--
-- AUTO_INCREMENT for table `lesson_types`
--
ALTER TABLE `lesson_types`
  MODIFY `id` bigint(20) UNSIGNED NOT NULL AUTO_INCREMENT, AUTO_INCREMENT=7;

--
-- AUTO_INCREMENT for table `migrations`
--
ALTER TABLE `migrations`
  MODIFY `id` int(10) UNSIGNED NOT NULL AUTO_INCREMENT, AUTO_INCREMENT=18;

--
-- AUTO_INCREMENT for table `personal_access_tokens`
--
ALTER TABLE `personal_access_tokens`
  MODIFY `id` bigint(20) UNSIGNED NOT NULL AUTO_INCREMENT;

--
-- AUTO_INCREMENT for table `roles`
--
ALTER TABLE `roles`
  MODIFY `id` bigint(20) UNSIGNED NOT NULL AUTO_INCREMENT;

--
-- AUTO_INCREMENT for table `users`
--
ALTER TABLE `users`
  MODIFY `id` bigint(20) UNSIGNED NOT NULL AUTO_INCREMENT, AUTO_INCREMENT=11;

--
-- Constraints for dumped tables
--

--
-- Constraints for table `carts`
--
ALTER TABLE `carts`
  ADD CONSTRAINT `carts_course_id_foreign` FOREIGN KEY (`course_id`) REFERENCES `courses` (`id`) ON DELETE CASCADE ON UPDATE CASCADE,
  ADD CONSTRAINT `carts_user_id_foreign` FOREIGN KEY (`user_id`) REFERENCES `users` (`id`) ON DELETE CASCADE ON UPDATE CASCADE;

--
-- Constraints for table `courses`
--
ALTER TABLE `courses`
  ADD CONSTRAINT `courses_categories_id_foreign` FOREIGN KEY (`categories_id`) REFERENCES `categories` (`id`) ON DELETE CASCADE ON UPDATE CASCADE,
  ADD CONSTRAINT `courses_instructor_id_foreign` FOREIGN KEY (`instructor_id`) REFERENCES `instructor` (`id`) ON DELETE CASCADE ON UPDATE CASCADE;

--
-- Constraints for table `enrollments`
--
ALTER TABLE `enrollments`
  ADD CONSTRAINT `enrollments_course_id_foreign` FOREIGN KEY (`course_id`) REFERENCES `courses` (`id`) ON DELETE CASCADE ON UPDATE CASCADE,
  ADD CONSTRAINT `enrollments_user_id_foreign` FOREIGN KEY (`user_id`) REFERENCES `users` (`id`) ON DELETE CASCADE ON UPDATE CASCADE;

--
-- Constraints for table `instructor`
--
ALTER TABLE `instructor`
  ADD CONSTRAINT `instructor_categories_id_foreign` FOREIGN KEY (`categories_id`) REFERENCES `categories` (`id`) ON DELETE CASCADE,
  ADD CONSTRAINT `instructor_user_id_foreign` FOREIGN KEY (`user_id`) REFERENCES `users` (`id`) ON DELETE CASCADE;

--
-- Constraints for table `lessons`
--
ALTER TABLE `lessons`
  ADD CONSTRAINT `lessons_course_id_foreign` FOREIGN KEY (`course_id`) REFERENCES `courses` (`id`) ON DELETE CASCADE;

--
-- Constraints for table `lesson_types`
--
ALTER TABLE `lesson_types`
  ADD CONSTRAINT `lesson_types_lesson_id_foreign` FOREIGN KEY (`lesson_id`) REFERENCES `lessons` (`id`) ON DELETE CASCADE ON UPDATE CASCADE;

--
-- Constraints for table `users`
--
ALTER TABLE `users`
  ADD CONSTRAINT `role_id` FOREIGN KEY (`role_id`) REFERENCES `admin_roles` (`id`) ON DELETE CASCADE ON UPDATE CASCADE;
COMMIT;

/*!40101 SET CHARACTER_SET_CLIENT=@OLD_CHARACTER_SET_CLIENT */;
/*!40101 SET CHARACTER_SET_RESULTS=@OLD_CHARACTER_SET_RESULTS */;
/*!40101 SET COLLATION_CONNECTION=@OLD_COLLATION_CONNECTION */;
